Complaint ID,cluster_id,cluster_name,cluster_membership_strength,is_outlier
11339400,8,Debt Collection and Debt Validation,0.8959,False
11342018,4,Late-Payment Reporting Errors,0.884,False
11342802,2,General Credit-Report Inaccuracies,1.0,False
11343025,9,Charge-Off and Account-Status Disputes,1.0,False
11343275,12,Account and Personal-Information Inaccuracies,0.884,False
11347367,4,Late-Payment Reporting Errors,0.7171,False
11347803,6,Identity Theft and Fraudulent Accounts,0.8359,False
11348254,-1,Outlier,0.0,True
11348435,-1,Outlier,0.0,True
11349091,4,Late-Payment Reporting Errors,0.8241,False
11349411,-1,Outlier,0.0,True
11349450,12,Account and Personal-Information Inaccuracies,0.8581,False
11349804,6,Identity Theft and Fraudulent Accounts,1.0,False
11350895,6,Identity Theft and Fraudulent Accounts,0.7983,False
11352781,-1,Outlier,0.0,True
11352891,4,Late-Payment Reporting Errors,0.7171,False
11355331,-1,Outlier,0.0,True
11356103,8,Debt Collection and Debt Validation,0.9465,False
11360746,-1,Outlier,0.0,True
11361311,2,General Credit-Report Inaccuracies,0.9472,False
11361913,4,Late-Payment Reporting Errors,0.8868,False
11363400,0,FCRA Privacy and Permissible-Purpose Violations,1.0,False
11365127,6,Identity Theft and Fraudulent Accounts,0.9185,False
11366679,0,FCRA Privacy and Permissible-Purpose Violations,1.0,False
11366900,1,Unauthorized Hard Credit Inquiries,0.6795,False
11368742,2,General Credit-Report Inaccuracies,1.0,False
11375205,-1,Outlier,0.0,True
11375513,4,Late-Payment Reporting Errors,0.9802,False
11377842,8,Debt Collection and Debt Validation,1.0,False
11377972,0,FCRA Privacy and Permissible-Purpose Violations,1.0,False
11377998,-1,Outlier,0.0,True
11378811,1,Unauthorized Hard Credit Inquiries,0.5106,False
11379984,-1,Outlier,0.0,True
11380472,8,Debt Collection and Debt Validation,0.7735,False
11380953,9,Charge-Off and Account-Status Disputes,0.8939,False
11382587,3,FCRA 605B Identity-Theft Blocking Requests,1.0,False
11383527,11,Multi-Bureau Reinvestigation Failures,0.9629,False
11383978,-1,Outlier,0.0,True
11385489,-1,Outlier,0.0,True
11386877,-1,Outlier,0.0,True
11388578,3,FCRA 605B Identity-Theft Blocking Requests,1.0,False
11389166,1,Unauthorized Hard Credit Inquiries,0.9382,False
11389799,4,Late-Payment Reporting Errors,0.7171,False
11390040,3,FCRA 605B Identity-Theft Blocking Requests,0.7202,False
11391674,4,Late-Payment Reporting Errors,1.0,False
11393071,-1,Outlier,0.0,True
11394650,6,Identity Theft and Fraudulent Accounts,0.8993,False
11395516,9,Charge-Off and Account-Status Disputes,0.8466,False
11395681,-1,Outlier,0.0,True
11396659,1,Unauthorized Hard Credit Inquiries,0.5931,False
11397750,8,Debt Collection and Debt Validation,0.9861,False
11403240,-1,Outlier,0.0,True
11404232,-1,Outlier,0.0,True
11408725,4,Late-Payment Reporting Errors,0.8639,False
11412791,6,Identity Theft and Fraudulent Accounts,1.0,False
11414479,7,Auto Loan and Payment-History Disputes,1.0,False
11418817,-1,Outlier,0.0,True
11418892,6,Identity Theft and Fraudulent Accounts,0.9552,False
11418938,6,Identity Theft and Fraudulent Accounts,0.8262,False
11419733,-1,Outlier,0.0,True
11420127,-1,Outlier,0.0,True
11421080,-1,Outlier,0.0,True
11421973,-1,Outlier,0.0,True
11422769,-1,Outlier,0.0,True
11425887,-1,Outlier,0.0,True
11427522,12,Account and Personal-Information Inaccuracies,1.0,False
11428017,-1,Outlier,0.0,True
11435589,8,Debt Collection and Debt Validation,0.9661,False
11436518,12,Account and Personal-Information Inaccuracies,0.8003,False
11437650,6,Identity Theft and Fraudulent Accounts,0.8581,False
11438635,3,FCRA 605B Identity-Theft Blocking Requests,1.0,False
11439057,11,Multi-Bureau Reinvestigation Failures,0.9812,False
11439059,-1,Outlier,0.0,True
11439413,11,Multi-Bureau Reinvestigation Failures,0.968,False
11442633,9,Charge-Off and Account-Status Disputes,0.9657,False
11445597,2,General Credit-Report Inaccuracies,1.0,False
11446477,-1,Outlier,0.0,True
11446755,6,Identity Theft and Fraudulent Accounts,1.0,False
11446887,-1,Outlier,0.0,True
11448308,-1,Outlier,0.0,True
11449517,-1,Outlier,0.0,True
11449766,9,Charge-Off and Account-Status Disputes,1.0,False
11449839,-1,Outlier,0.0,True
11452769,0,FCRA Privacy and Permissible-Purpose Violations,1.0,False
11453945,3,FCRA 605B Identity-Theft Blocking Requests,1.0,False
11454688,-1,Outlier,0.0,True
11454973,-1,Outlier,0.0,True
11457582,-1,Outlier,0.0,True
11461432,4,Late-Payment Reporting Errors,0.8298,False
11461715,-1,Outlier,0.0,True
11461935,0,FCRA Privacy and Permissible-Purpose Violations,1.0,False
11461944,9,Charge-Off and Account-Status Disputes,0.8201,False
11463821,8,Debt Collection and Debt Validation,1.0,False
11464369,-1,Outlier,0.0,True
11464394,4,Late-Payment Reporting Errors,1.0,False
11465920,-1,Outlier,0.0,True
11466555,-1,Outlier,0.0,True
11469036,-1,Outlier,0.0,True
11472434,7,Auto Loan and Payment-History Disputes,1.0,False
11472599,-1,Outlier,0.0,True
11477115,-1,Outlier,0.0,True
11477214,-1,Outlier,0.0,True
11481202,5,Failure to Remove Identity-Theft Accounts,1.0,False
11481451,3,FCRA 605B Identity-Theft Blocking Requests,1.0,False
11481568,-1,Outlier,0.0,True
11481701,-1,Outlier,0.0,True
11484743,-1,Outlier,0.0,True
11485120,6,Identity Theft and Fraudulent Accounts,0.7497,False
11486169,9,Charge-Off and Account-Status Disputes,1.0,False
11487454,-1,Outlier,0.0,True
11487819,4,Late-Payment Reporting Errors,1.0,False
11487938,-1,Outlier,0.0,True
11489425,4,Late-Payment Reporting Errors,0.6517,False
11491209,-1,Outlier,0.0,True
11491574,8,Debt Collection and Debt Validation,1.0,False
11491631,6,Identity Theft and Fraudulent Accounts,0.7701,False
11491769,-1,Outlier,0.0,True
11492765,8,Debt Collection and Debt Validation,1.0,False
11493700,-1,Outlier,0.0,True
11493796,2,General Credit-Report Inaccuracies,0.9472,False
11494186,3,FCRA 605B Identity-Theft Blocking Requests,1.0,False
11494610,6,Identity Theft and Fraudulent Accounts,1.0,False
11494783,-1,Outlier,0.0,True
11497442,12,Account and Personal-Information Inaccuracies,0.7818,False
11498725,8,Debt Collection and Debt Validation,1.0,False
11500655,4,Late-Payment Reporting Errors,0.7171,False
11503007,6,Identity Theft and Fraudulent Accounts,0.8726,False
11507609,-1,Outlier,0.0,True
11510527,8,Debt Collection and Debt Validation,1.0,False
11511707,3,FCRA 605B Identity-Theft Blocking Requests,0.8415,False
11511739,11,Multi-Bureau Reinvestigation Failures,0.968,False
11511874,4,Late-Payment Reporting Errors,1.0,False
11512074,9,Charge-Off and Account-Status Disputes,0.857,False
11512379,4,Late-Payment Reporting Errors,0.8881,False
11512848,12,Account and Personal-Information Inaccuracies,0.8436,False
11513647,12,Account and Personal-Information Inaccuracies,1.0,False
11513953,3,FCRA 605B Identity-Theft Blocking Requests,0.5541,False
11515270,-1,Outlier,0.0,True
11515847,11,Multi-Bureau Reinvestigation Failures,1.0,False
11516039,-1,Outlier,0.0,True
11516716,2,General Credit-Report Inaccuracies,1.0,False
11522503,6,Identity Theft and Fraudulent Accounts,0.9295,False
11524870,2,General Credit-Report Inaccuracies,0.9472,False
11525769,-1,Outlier,0.0,True
11526030,-1,Outlier,0.0,True
11526612,9,Charge-Off and Account-Status Disputes,1.0,False
11526704,-1,Outlier,0.0,True
11527933,0,FCRA Privacy and Permissible-Purpose Violations,1.0,False
11533727,1,Unauthorized Hard Credit Inquiries,0.523,False
11534203,4,Late-Payment Reporting Errors,1.0,False
11534465,-1,Outlier,0.0,True
11534871,-1,Outlier,0.0,True
11535993,1,Unauthorized Hard Credit Inquiries,0.8319,False
11536603,0,FCRA Privacy and Permissible-Purpose Violations,1.0,False
11538542,-1,Outlier,0.0,True
11539194,7,Auto Loan and Payment-History Disputes,1.0,False
11539911,-1,Outlier,0.0,True
11540182,-1,Outlier,0.0,True
11540191,-1,Outlier,0.0,True
11540403,-1,Outlier,0.0,True
11542031,-1,Outlier,0.0,True
11543850,6,Identity Theft and Fraudulent Accounts,0.7996,False
11544053,-1,Outlier,0.0,True
11544714,11,Multi-Bureau Reinvestigation Failures,0.968,False
11546038,-1,Outlier,0.0,True
11548536,11,Multi-Bureau Reinvestigation Failures,0.968,False
11553669,-1,Outlier,0.0,True
11555654,11,Multi-Bureau Reinvestigation Failures,0.968,False
11556132,11,Multi-Bureau Reinvestigation Failures,0.968,False
11562192,10,Equifax Investigation Failures,0.7898,False
11566013,6,Identity Theft and Fraudulent Accounts,1.0,False
11566295,-1,Outlier,0.0,True
11566747,12,Account and Personal-Information Inaccuracies,0.852,False
11570410,12,Account and Personal-Information Inaccuracies,0.8412,False
11573899,-1,Outlier,0.0,True
11576135,2,General Credit-Report Inaccuracies,0.9472,False
11576802,7,Auto Loan and Payment-History Disputes,1.0,False
11576984,-1,Outlier,0.0,True
11582718,12,Account and Personal-Information Inaccuracies,0.8581,False
11586625,-1,Outlier,0.0,True
11588386,10,Equifax Investigation Failures,1.0,False
11594503,4,Late-Payment Reporting Errors,0.6553,False
11594537,0,FCRA Privacy and Permissible-Purpose Violations,1.0,False
11596412,4,Late-Payment Reporting Errors,0.9438,False
11596536,-1,Outlier,0.0,True
11598520,6,Identity Theft and Fraudulent Accounts,0.8916,False
11598622,-1,Outlier,0.0,True
11599866,4,Late-Payment Reporting Errors,0.6289,False
11601693,-1,Outlier,0.0,True
11602342,6,Identity Theft and Fraudulent Accounts,0.9295,False
11603043,3,FCRA 605B Identity-Theft Blocking Requests,1.0,False
11603281,9,Charge-Off and Account-Status Disputes,0.8179,False
11604098,3,FCRA 605B Identity-Theft Blocking Requests,1.0,False
11607336,-1,Outlier,0.0,True
11608199,-1,Outlier,0.0,True
11608219,8,Debt Collection and Debt Validation,0.9861,False
11608508,-1,Outlier,0.0,True
11609408,11,Multi-Bureau Reinvestigation Failures,0.968,False
11609490,10,Equifax Investigation Failures,0.8378,False
11609587,12,Account and Personal-Information Inaccuracies,0.8349,False
11610131,-1,Outlier,0.0,True
11610463,8,Debt Collection and Debt Validation,0.9449,False
11611011,1,Unauthorized Hard Credit Inquiries,0.6795,False
11611439,9,Charge-Off and Account-Status Disputes,1.0,False
11611736,11,Multi-Bureau Reinvestigation Failures,0.9471,False
11612756,10,Equifax Investigation Failures,0.9258,False
11613334,-1,Outlier,0.0,True
11613594,-1,Outlier,0.0,True
11614141,-1,Outlier,0.0,True
11615297,12,Account and Personal-Information Inaccuracies,0.8773,False
11618720,10,Equifax Investigation Failures,1.0,False
11619674,-1,Outlier,0.0,True
11621703,2,General Credit-Report Inaccuracies,1.0,False
11622131,-1,Outlier,0.0,True
11622661,8,Debt Collection and Debt Validation,0.6268,False
11624686,11,Multi-Bureau Reinvestigation Failures,0.9812,False
11624903,10,Equifax Investigation Failures,1.0,False
11628715,3,FCRA 605B Identity-Theft Blocking Requests,1.0,False
11629110,0,FCRA Privacy and Permissible-Purpose Violations,0.741,False
11630740,4,Late-Payment Reporting Errors,0.9394,False
11633288,8,Debt Collection and Debt Validation,1.0,False
11634265,-1,Outlier,0.0,True
11636158,11,Multi-Bureau Reinvestigation Failures,0.968,False
11637114,-1,Outlier,0.0,True
11639169,5,Failure to Remove Identity-Theft Accounts,1.0,False
11643982,6,Identity Theft and Fraudulent Accounts,1.0,False
11644932,-1,Outlier,0.0,True
11645472,-1,Outlier,0.0,True
11647034,-1,Outlier,0.0,True
11648744,-1,Outlier,0.0,True
11650571,-1,Outlier,0.0,True
11653545,-1,Outlier,0.0,True
11654500,5,Failure to Remove Identity-Theft Accounts,1.0,False
11655395,6,Identity Theft and Fraudulent Accounts,0.8739,False
11655471,6,Identity Theft and Fraudulent Accounts,1.0,False
11657634,12,Account and Personal-Information Inaccuracies,0.8345,False
11659977,12,Account and Personal-Information Inaccuracies,0.7864,False
11660133,12,Account and Personal-Information Inaccuracies,0.91,False
11661164,10,Equifax Investigation Failures,0.9705,False
11661596,10,Equifax Investigation Failures,0.9969,False
11662941,-1,Outlier,0.0,True
11663702,8,Debt Collection and Debt Validation,0.8935,False
11667180,-1,Outlier,0.0,True
11673133,9,Charge-Off and Account-Status Disputes,0.9915,False
11679028,3,FCRA 605B Identity-Theft Blocking Requests,0.9714,False
11680936,-1,Outlier,0.0,True
11686256,10,Equifax Investigation Failures,1.0,False
11686696,11,Multi-Bureau Reinvestigation Failures,1.0,False
11687256,9,Charge-Off and Account-Status Disputes,1.0,False
11687263,-1,Outlier,0.0,True
11687553,10,Equifax Investigation Failures,0.9778,False
11689346,12,Account and Personal-Information Inaccuracies,0.8305,False
11689700,10,Equifax Investigation Failures,1.0,False
11689906,11,Multi-Bureau Reinvestigation Failures,0.9812,False
11690175,-1,Outlier,0.0,True
11691493,-1,Outlier,0.0,True
11691947,2,General Credit-Report Inaccuracies,1.0,False
11694896,-1,Outlier,0.0,True
11696781,4,Late-Payment Reporting Errors,1.0,False
11698082,2,General Credit-Report Inaccuracies,1.0,False
11698133,12,Account and Personal-Information Inaccuracies,1.0,False
11698595,-1,Outlier,0.0,True
11705616,4,Late-Payment Reporting Errors,0.8788,False
11706775,10,Equifax Investigation Failures,1.0,False
11707175,9,Charge-Off and Account-Status Disputes,0.8494,False
11708860,11,Multi-Bureau Reinvestigation Failures,0.9371,False
11708876,10,Equifax Investigation Failures,1.0,False
11708878,10,Equifax Investigation Failures,1.0,False
11709549,11,Multi-Bureau Reinvestigation Failures,0.968,False
11710296,5,Failure to Remove Identity-Theft Accounts,1.0,False
11712720,-1,Outlier,0.0,True
11713243,4,Late-Payment Reporting Errors,1.0,False
11713402,-1,Outlier,0.0,True
11713878,-1,Outlier,0.0,True
11714270,8,Debt Collection and Debt Validation,0.6863,False
11717259,-1,Outlier,0.0,True
11717331,11,Multi-Bureau Reinvestigation Failures,0.968,False
11717581,-1,Outlier,0.0,True
11721401,1,Unauthorized Hard Credit Inquiries,1.0,False
11721537,-1,Outlier,0.0,True
11721652,8,Debt Collection and Debt Validation,1.0,False
11722387,9,Charge-Off and Account-Status Disputes,1.0,False
11722803,-1,Outlier,0.0,True
11723407,2,General Credit-Report Inaccuracies,0.9472,False
11725811,-1,Outlier,0.0,True
11728481,10,Equifax Investigation Failures,0.8736,False
11729831,11,Multi-Bureau Reinvestigation Failures,0.968,False
11730061,8,Debt Collection and Debt Validation,0.9737,False
11730726,10,Equifax Investigation Failures,0.9752,False
11731424,-1,Outlier,0.0,True
11733071,-1,Outlier,0.0,True
11734935,9,Charge-Off and Account-Status Disputes,1.0,False
11734959,5,Failure to Remove Identity-Theft Accounts,1.0,False
11735907,11,Multi-Bureau Reinvestigation Failures,1.0,False
11736164,4,Late-Payment Reporting Errors,0.739,False
11738333,9,Charge-Off and Account-Status Disputes,0.8183,False
11738383,1,Unauthorized Hard Credit Inquiries,0.651,False
11739781,11,Multi-Bureau Reinvestigation Failures,0.968,False
11740168,-1,Outlier,0.0,True
11742564,-1,Outlier,0.0,True
11743514,6,Identity Theft and Fraudulent Accounts,0.7828,False
11746867,2,General Credit-Report Inaccuracies,1.0,False
11747130,9,Charge-Off and Account-Status Disputes,0.8549,False
11747463,6,Identity Theft and Fraudulent Accounts,1.0,False
11747502,12,Account and Personal-Information Inaccuracies,0.8345,False
11748609,12,Account and Personal-Information Inaccuracies,0.8581,False
11756031,4,Late-Payment Reporting Errors,1.0,False
11757920,11,Multi-Bureau Reinvestigation Failures,0.968,False
11762715,2,General Credit-Report Inaccuracies,1.0,False
11765827,10,Equifax Investigation Failures,1.0,False
11773746,-1,Outlier,0.0,True
11774067,6,Identity Theft and Fraudulent Accounts,0.9072,False
11774533,8,Debt Collection and Debt Validation,1.0,False
11774834,9,Charge-Off and Account-Status Disputes,0.835,False
11775025,-1,Outlier,0.0,True
11775972,10,Equifax Investigation Failures,1.0,False
11776233,-1,Outlier,0.0,True
11776843,-1,Outlier,0.0,True
11777024,-1,Outlier,0.0,True
11777227,-1,Outlier,0.0,True
11780833,6,Identity Theft and Fraudulent Accounts,0.9755,False
11781278,12,Account and Personal-Information Inaccuracies,0.7807,False
11782337,11,Multi-Bureau Reinvestigation Failures,1.0,False
11782669,-1,Outlier,0.0,True
11783986,3,FCRA 605B Identity-Theft Blocking Requests,0.7131,False
11784570,8,Debt Collection and Debt Validation,0.7434,False
11785467,1,Unauthorized Hard Credit Inquiries,1.0,False
11785932,-1,Outlier,0.0,True
11788858,11,Multi-Bureau Reinvestigation Failures,0.968,False
11789053,11,Multi-Bureau Reinvestigation Failures,0.968,False
11789256,-1,Outlier,0.0,True
11790863,6,Identity Theft and Fraudulent Accounts,1.0,False
11791374,-1,Outlier,0.0,True
11791465,11,Multi-Bureau Reinvestigation Failures,0.968,False
11793647,11,Multi-Bureau Reinvestigation Failures,0.9812,False
11793865,-1,Outlier,0.0,True
11794030,1,Unauthorized Hard Credit Inquiries,1.0,False
11794905,-1,Outlier,0.0,True
11795100,9,Charge-Off and Account-Status Disputes,0.9096,False
11795663,3,FCRA 605B Identity-Theft Blocking Requests,1.0,False
11797908,11,Multi-Bureau Reinvestigation Failures,0.968,False
11798721,-1,Outlier,0.0,True
11799601,11,Multi-Bureau Reinvestigation Failures,0.968,False
11799872,-1,Outlier,0.0,True
11801657,-1,Outlier,0.0,True
11802934,9,Charge-Off and Account-Status Disputes,0.8818,False
11803395,4,Late-Payment Reporting Errors,0.7762,False
11803612,4,Late-Payment Reporting Errors,0.7171,False
11804028,-1,Outlier,0.0,True
11804907,-1,Outlier,0.0,True
11806761,12,Account and Personal-Information Inaccuracies,1.0,False
11807525,9,Charge-Off and Account-Status Disputes,0.8758,False
11808247,12,Account and Personal-Information Inaccuracies,0.8807,False
11809780,-1,Outlier,0.0,True
11810959,9,Charge-Off and Account-Status Disputes,1.0,False
11811396,4,Late-Payment Reporting Errors,0.8022,False
11812139,-1,Outlier,0.0,True
11813370,7,Auto Loan and Payment-History Disputes,1.0,False
11813748,0,FCRA Privacy and Permissible-Purpose Violations,1.0,False
11817617,-1,Outlier,0.0,True
11818635,6,Identity Theft and Fraudulent Accounts,1.0,False
11819292,-1,Outlier,0.0,True
11819317,-1,Outlier,0.0,True
11819790,-1,Outlier,0.0,True
11820643,10,Equifax Investigation Failures,1.0,False
11821001,-1,Outlier,0.0,True
11821133,6,Identity Theft and Fraudulent Accounts,1.0,False
11821464,2,General Credit-Report Inaccuracies,1.0,False
11823428,12,Account and Personal-Information Inaccuracies,0.8345,False
11824318,12,Account and Personal-Information Inaccuracies,0.8345,False
11824450,3,FCRA 605B Identity-Theft Blocking Requests,0.7299,False
11824748,-1,Outlier,0.0,True
11824874,-1,Outlier,0.0,True
11825478,3,FCRA 605B Identity-Theft Blocking Requests,1.0,False
11826768,-1,Outlier,0.0,True
11828091,4,Late-Payment Reporting Errors,0.8462,False
11828586,-1,Outlier,0.0,True
11829076,3,FCRA 605B Identity-Theft Blocking Requests,1.0,False
11831159,3,FCRA 605B Identity-Theft Blocking Requests,0.7187,False
11835758,4,Late-Payment Reporting Errors,0.6854,False
11835821,7,Auto Loan and Payment-History Disputes,0.9939,False
11837150,9,Charge-Off and Account-Status Disputes,0.8546,False
11841901,12,Account and Personal-Information Inaccuracies,0.8163,False
11843551,1,Unauthorized Hard Credit Inquiries,0.9382,False
11845118,-1,Outlier,0.0,True
11850188,11,Multi-Bureau Reinvestigation Failures,1.0,False
11852005,6,Identity Theft and Fraudulent Accounts,1.0,False
11859436,10,Equifax Investigation Failures,1.0,False
11859782,-1,Outlier,0.0,True
11862383,11,Multi-Bureau Reinvestigation Failures,1.0,False
11863886,11,Multi-Bureau Reinvestigation Failures,0.9812,False
11864092,11,Multi-Bureau Reinvestigation Failures,0.9707,False
11864818,-1,Outlier,0.0,True
11866053,8,Debt Collection and Debt Validation,0.6366,False
11867405,0,FCRA Privacy and Permissible-Purpose Violations,1.0,False
11869202,-1,Outlier,0.0,True
11869491,-1,Outlier,0.0,True
11871134,10,Equifax Investigation Failures,1.0,False
11871712,6,Identity Theft and Fraudulent Accounts,0.9589,False
11872692,12,Account and Personal-Information Inaccuracies,1.0,False
11872798,8,Debt Collection and Debt Validation,0.6321,False
11873786,4,Late-Payment Reporting Errors,0.8285,False
11874305,-1,Outlier,0.0,True
11874756,4,Late-Payment Reporting Errors,1.0,False
11875137,10,Equifax Investigation Failures,1.0,False
11878410,6,Identity Theft and Fraudulent Accounts,1.0,False
11878848,12,Account and Personal-Information Inaccuracies,0.8402,False
11879338,-1,Outlier,0.0,True
11879401,9,Charge-Off and Account-Status Disputes,0.8766,False
11879686,8,Debt Collection and Debt Validation,1.0,False
11880717,-1,Outlier,0.0,True
11883267,3,FCRA 605B Identity-Theft Blocking Requests,1.0,False
11884150,-1,Outlier,0.0,True
11884768,10,Equifax Investigation Failures,0.9664,False
11885012,8,Debt Collection and Debt Validation,0.807,False
11887192,-1,Outlier,0.0,True
11888034,-1,Outlier,0.0,True
11888128,-1,Outlier,0.0,True
11891683,-1,Outlier,0.0,True
11892763,-1,Outlier,0.0,True
11893169,11,Multi-Bureau Reinvestigation Failures,0.968,False
11894845,8,Debt Collection and Debt Validation,1.0,False
11895820,10,Equifax Investigation Failures,1.0,False
11897260,9,Charge-Off and Account-Status Disputes,1.0,False
11898648,11,Multi-Bureau Reinvestigation Failures,0.968,False
11899014,1,Unauthorized Hard Credit Inquiries,1.0,False
11900431,-1,Outlier,0.0,True
11900991,4,Late-Payment Reporting Errors,0.8512,False
11901715,6,Identity Theft and Fraudulent Accounts,0.9295,False
11902609,-1,Outlier,0.0,True
11902610,2,General Credit-Report Inaccuracies,1.0,False
11907931,4,Late-Payment Reporting Errors,0.787,False
11909306,4,Late-Payment Reporting Errors,0.8432,False
11916330,4,Late-Payment Reporting Errors,0.822,False
11917209,11,Multi-Bureau Reinvestigation Failures,1.0,False
11919835,6,Identity Theft and Fraudulent Accounts,0.9263,False
11921280,6,Identity Theft and Fraudulent Accounts,0.8041,False
11927328,0,FCRA Privacy and Permissible-Purpose Violations,1.0,False
11927694,-1,Outlier,0.0,True
11929096,2,General Credit-Report Inaccuracies,1.0,False
11929174,7,Auto Loan and Payment-History Disputes,1.0,False
11930453,-1,Outlier,0.0,True
11932831,11,Multi-Bureau Reinvestigation Failures,0.968,False
11933131,-1,Outlier,0.0,True
11933331,1,Unauthorized Hard Credit Inquiries,0.5967,False
11934919,-1,Outlier,0.0,True
11936772,-1,Outlier,0.0,True
11938179,-1,Outlier,0.0,True
11939079,10,Equifax Investigation Failures,1.0,False
11940082,-1,Outlier,0.0,True
11941567,12,Account and Personal-Information Inaccuracies,0.8281,False
11942491,4,Late-Payment Reporting Errors,0.6663,False
11943789,7,Auto Loan and Payment-History Disputes,1.0,False
11946662,8,Debt Collection and Debt Validation,0.6852,False
11948907,11,Multi-Bureau Reinvestigation Failures,0.968,False
11949845,6,Identity Theft and Fraudulent Accounts,1.0,False
11950826,-1,Outlier,0.0,True
11951440,2,General Credit-Report Inaccuracies,1.0,False
11951445,-1,Outlier,0.0,True
11951741,-1,Outlier,0.0,True
11955519,0,FCRA Privacy and Permissible-Purpose Violations,0.7146,False
11957878,-1,Outlier,0.0,True
11958091,1,Unauthorized Hard Credit Inquiries,0.6823,False
11958281,-1,Outlier,0.0,True
11958653,-1,Outlier,0.0,True
11959599,9,Charge-Off and Account-Status Disputes,0.867,False
11960830,1,Unauthorized Hard Credit Inquiries,0.7188,False
11962747,-1,Outlier,0.0,True
11964403,-1,Outlier,0.0,True
11965261,-1,Outlier,0.0,True
11967377,-1,Outlier,0.0,True
11967568,1,Unauthorized Hard Credit Inquiries,0.9382,False
11969090,-1,Outlier,0.0,True
11969682,-1,Outlier,0.0,True
11977872,0,FCRA Privacy and Permissible-Purpose Violations,1.0,False
11978924,-1,Outlier,0.0,True
11979584,-1,Outlier,0.0,True
11980659,-1,Outlier,0.0,True
11983504,11,Multi-Bureau Reinvestigation Failures,0.968,False
11997001,2,General Credit-Report Inaccuracies,1.0,False
11997940,-1,Outlier,0.0,True
11998622,-1,Outlier,0.0,True
12000816,-1,Outlier,0.0,True
12001954,7,Auto Loan and Payment-History Disputes,1.0,False
12003217,1,Unauthorized Hard Credit Inquiries,1.0,False
12003679,-1,Outlier,0.0,True
12006261,-1,Outlier,0.0,True
12007466,8,Debt Collection and Debt Validation,0.8139,False
12008540,6,Identity Theft and Fraudulent Accounts,1.0,False
12008811,-1,Outlier,0.0,True
12008827,-1,Outlier,0.0,True
12009315,-1,Outlier,0.0,True
12011719,-1,Outlier,0.0,True
12012776,12,Account and Personal-Information Inaccuracies,0.8225,False
12013801,2,General Credit-Report Inaccuracies,1.0,False
12014567,6,Identity Theft and Fraudulent Accounts,0.8823,False
12016819,-1,Outlier,0.0,True
12019877,-1,Outlier,0.0,True
12026216,3,FCRA 605B Identity-Theft Blocking Requests,1.0,False
12027561,1,Unauthorized Hard Credit Inquiries,0.9382,False
12027725,-1,Outlier,0.0,True
12027791,8,Debt Collection and Debt Validation,0.7684,False
12030315,-1,Outlier,0.0,True
12032481,-1,Outlier,0.0,True
12034352,3,FCRA 605B Identity-Theft Blocking Requests,0.9679,False
12034683,3,FCRA 605B Identity-Theft Blocking Requests,0.8909,False
12035325,12,Account and Personal-Information Inaccuracies,0.8699,False
12037183,6,Identity Theft and Fraudulent Accounts,1.0,False
12040442,1,Unauthorized Hard Credit Inquiries,0.5517,False
12041154,2,General Credit-Report Inaccuracies,1.0,False
12043972,-1,Outlier,0.0,True
12045415,0,FCRA Privacy and Permissible-Purpose Violations,1.0,False
12045864,-1,Outlier,0.0,True
12045885,10,Equifax Investigation Failures,0.9513,False
12045989,4,Late-Payment Reporting Errors,0.6767,False
12046302,12,Account and Personal-Information Inaccuracies,0.8741,False
12048972,9,Charge-Off and Account-Status Disputes,1.0,False
12049041,9,Charge-Off and Account-Status Disputes,0.9728,False
12049756,-1,Outlier,0.0,True
12050262,3,FCRA 605B Identity-Theft Blocking Requests,0.7049,False
12051848,12,Account and Personal-Information Inaccuracies,0.8349,False
12056694,8,Debt Collection and Debt Validation,0.7528,False
12058663,4,Late-Payment Reporting Errors,0.6854,False
12059416,-1,Outlier,0.0,True
12063997,6,Identity Theft and Fraudulent Accounts,1.0,False
12065798,10,Equifax Investigation Failures,0.9771,False
12066177,-1,Outlier,0.0,True
12066413,8,Debt Collection and Debt Validation,0.7649,False
12066529,6,Identity Theft and Fraudulent Accounts,0.8337,False
12067144,-1,Outlier,0.0,True
12067935,1,Unauthorized Hard Credit Inquiries,1.0,False
12068497,4,Late-Payment Reporting Errors,0.6655,False
12068598,1,Unauthorized Hard Credit Inquiries,0.9382,False
12069001,10,Equifax Investigation Failures,1.0,False
12076887,2,General Credit-Report Inaccuracies,1.0,False
12082150,-1,Outlier,0.0,True
12082925,6,Identity Theft and Fraudulent Accounts,0.8736,False
12084413,1,Unauthorized Hard Credit Inquiries,0.9382,False
12085364,-1,Outlier,0.0,True
12085390,11,Multi-Bureau Reinvestigation Failures,0.968,False
12088668,-1,Outlier,0.0,True
12090259,6,Identity Theft and Fraudulent Accounts,1.0,False
12091500,9,Charge-Off and Account-Status Disputes,1.0,False
12091619,3,FCRA 605B Identity-Theft Blocking Requests,0.7768,False
12092238,-1,Outlier,0.0,True
12099197,6,Identity Theft and Fraudulent Accounts,1.0,False
12100988,-1,Outlier,0.0,True
12103216,8,Debt Collection and Debt Validation,0.8123,False
12104016,6,Identity Theft and Fraudulent Accounts,0.9048,False
12105026,7,Auto Loan and Payment-History Disputes,1.0,False
12106895,2,General Credit-Report Inaccuracies,1.0,False
12122050,12,Account and Personal-Information Inaccuracies,0.8345,False
12122573,-1,Outlier,0.0,True
12123887,-1,Outlier,0.0,True
12126678,1,Unauthorized Hard Credit Inquiries,0.6777,False
12127834,10,Equifax Investigation Failures,1.0,False
12129861,12,Account and Personal-Information Inaccuracies,0.8969,False
12130009,-1,Outlier,0.0,True
12144198,8,Debt Collection and Debt Validation,0.6402,False
12147742,-1,Outlier,0.0,True
12149962,10,Equifax Investigation Failures,1.0,False
12154153,11,Multi-Bureau Reinvestigation Failures,0.968,False
12154608,-1,Outlier,0.0,True
12156422,-1,Outlier,0.0,True
12158874,-1,Outlier,0.0,True
12160535,4,Late-Payment Reporting Errors,1.0,False
12162597,-1,Outlier,0.0,True
12163028,12,Account and Personal-Information Inaccuracies,1.0,False
12164286,12,Account and Personal-Information Inaccuracies,0.8345,False
12167312,-1,Outlier,0.0,True
12170759,2,General Credit-Report Inaccuracies,1.0,False
12172966,6,Identity Theft and Fraudulent Accounts,0.876,False
12174846,7,Auto Loan and Payment-History Disputes,1.0,False
12175322,0,FCRA Privacy and Permissible-Purpose Violations,1.0,False
12176331,-1,Outlier,0.0,True
12177124,9,Charge-Off and Account-Status Disputes,1.0,False
12177631,-1,Outlier,0.0,True
12180076,6,Identity Theft and Fraudulent Accounts,0.7562,False
12180138,-1,Outlier,0.0,True
12180249,4,Late-Payment Reporting Errors,0.7491,False
12181654,12,Account and Personal-Information Inaccuracies,0.8677,False
12182329,6,Identity Theft and Fraudulent Accounts,1.0,False
12182398,-1,Outlier,0.0,True
12183341,6,Identity Theft and Fraudulent Accounts,1.0,False
12184092,4,Late-Payment Reporting Errors,0.7171,False
12184499,12,Account and Personal-Information Inaccuracies,1.0,False
12185705,-1,Outlier,0.0,True
12187433,-1,Outlier,0.0,True
12189144,3,FCRA 605B Identity-Theft Blocking Requests,0.7131,False
12191082,4,Late-Payment Reporting Errors,0.7127,False
12191215,9,Charge-Off and Account-Status Disputes,0.9096,False
12191692,0,FCRA Privacy and Permissible-Purpose Violations,1.0,False
12192219,11,Multi-Bureau Reinvestigation Failures,1.0,False
12197034,4,Late-Payment Reporting Errors,0.6651,False
12198615,10,Equifax Investigation Failures,0.8156,False
12204197,2,General Credit-Report Inaccuracies,1.0,False
12204384,-1,Outlier,0.0,True
12208218,-1,Outlier,0.0,True
12210603,-1,Outlier,0.0,True
12210671,3,FCRA 605B Identity-Theft Blocking Requests,0.9442,False
12213319,-1,Outlier,0.0,True
12214037,-1,Outlier,0.0,True
12214568,9,Charge-Off and Account-Status Disputes,1.0,False
12215323,3,FCRA 605B Identity-Theft Blocking Requests,0.5894,False
12217292,-1,Outlier,0.0,True
12217522,4,Late-Payment Reporting Errors,0.7453,False
12219876,1,Unauthorized Hard Credit Inquiries,0.7439,False
12223267,6,Identity Theft and Fraudulent Accounts,1.0,False
12223296,4,Late-Payment Reporting Errors,1.0,False
12223701,8,Debt Collection and Debt Validation,0.7621,False
12223888,-1,Outlier,0.0,True
12225690,9,Charge-Off and Account-Status Disputes,0.8812,False
12226827,11,Multi-Bureau Reinvestigation Failures,0.968,False
12227459,-1,Outlier,0.0,True
12229715,6,Identity Theft and Fraudulent Accounts,0.9335,False
12232470,4,Late-Payment Reporting Errors,1.0,False
12233109,12,Account and Personal-Information Inaccuracies,0.8581,False
12234970,-1,Outlier,0.0,True
12238452,-1,Outlier,0.0,True
12240207,-1,Outlier,0.0,True
12240873,-1,Outlier,0.0,True
12242282,-1,Outlier,0.0,True
12245548,6,Identity Theft and Fraudulent Accounts,0.7555,False
12246574,-1,Outlier,0.0,True
12246661,11,Multi-Bureau Reinvestigation Failures,1.0,False
12247470,4,Late-Payment Reporting Errors,1.0,False
12249655,8,Debt Collection and Debt Validation,1.0,False
12252862,1,Unauthorized Hard Credit Inquiries,0.6285,False
12254353,9,Charge-Off and Account-Status Disputes,1.0,False
12256217,6,Identity Theft and Fraudulent Accounts,1.0,False
12258444,-1,Outlier,0.0,True
12261825,-1,Outlier,0.0,True
12262061,5,Failure to Remove Identity-Theft Accounts,1.0,False
12268123,-1,Outlier,0.0,True
12268270,1,Unauthorized Hard Credit Inquiries,1.0,False
12269835,8,Debt Collection and Debt Validation,1.0,False
12270414,0,FCRA Privacy and Permissible-Purpose Violations,1.0,False
12273467,11,Multi-Bureau Reinvestigation Failures,0.9812,False
12273994,-1,Outlier,0.0,True
12274177,-1,Outlier,0.0,True
12274213,12,Account and Personal-Information Inaccuracies,0.7864,False
12274262,1,Unauthorized Hard Credit Inquiries,0.4601,False
12280059,12,Account and Personal-Information Inaccuracies,0.9108,False
12281897,8,Debt Collection and Debt Validation,0.6408,False
12282447,12,Account and Personal-Information Inaccuracies,1.0,False
12286759,-1,Outlier,0.0,True
12286861,8,Debt Collection and Debt Validation,1.0,False
12287550,3,FCRA 605B Identity-Theft Blocking Requests,1.0,False
12291520,6,Identity Theft and Fraudulent Accounts,1.0,False
12293832,3,FCRA 605B Identity-Theft Blocking Requests,1.0,False
12296975,4,Late-Payment Reporting Errors,0.7827,False
12297271,2,General Credit-Report Inaccuracies,0.9472,False
12298829,-1,Outlier,0.0,True
12298915,-1,Outlier,0.0,True
12298942,6,Identity Theft and Fraudulent Accounts,1.0,False
12299880,3,FCRA 605B Identity-Theft Blocking Requests,1.0,False
12302398,-1,Outlier,0.0,True
12303170,-1,Outlier,0.0,True
12303990,4,Late-Payment Reporting Errors,0.8618,False
12305352,-1,Outlier,0.0,True
12305795,3,FCRA 605B Identity-Theft Blocking Requests,0.9058,False
12311531,2,General Credit-Report Inaccuracies,1.0,False
12311916,-1,Outlier,0.0,True
12316302,-1,Outlier,0.0,True
12319226,12,Account and Personal-Information Inaccuracies,0.7858,False
12319490,-1,Outlier,0.0,True
12323181,-1,Outlier,0.0,True
12325201,4,Late-Payment Reporting Errors,0.6716,False
12325900,4,Late-Payment Reporting Errors,0.8703,False
12326351,-1,Outlier,0.0,True
12328912,8,Debt Collection and Debt Validation,1.0,False
12329736,-1,Outlier,0.0,True
12331528,5,Failure to Remove Identity-Theft Accounts,1.0,False
12333146,2,General Credit-Report Inaccuracies,1.0,False
12336629,-1,Outlier,0.0,True
12337158,3,FCRA 605B Identity-Theft Blocking Requests,1.0,False
12338223,3,FCRA 605B Identity-Theft Blocking Requests,0.5759,False
12338439,9,Charge-Off and Account-Status Disputes,1.0,False
12342401,1,Unauthorized Hard Credit Inquiries,1.0,False
12343865,-1,Outlier,0.0,True
12343884,-1,Outlier,0.0,True
12345283,-1,Outlier,0.0,True
12345359,1,Unauthorized Hard Credit Inquiries,0.4936,False
12345593,-1,Outlier,0.0,True
12346678,4,Late-Payment Reporting Errors,0.9226,False
12347757,10,Equifax Investigation Failures,1.0,False
12348744,1,Unauthorized Hard Credit Inquiries,0.9382,False
12348951,-1,Outlier,0.0,True
12349157,8,Debt Collection and Debt Validation,0.9741,False
12350872,4,Late-Payment Reporting Errors,0.8667,False
12352678,1,Unauthorized Hard Credit Inquiries,0.6258,False
12355274,-1,Outlier,0.0,True
12355881,-1,Outlier,0.0,True
12357122,-1,Outlier,0.0,True
12357742,-1,Outlier,0.0,True
12359529,-1,Outlier,0.0,True
12360092,11,Multi-Bureau Reinvestigation Failures,1.0,False
12366788,-1,Outlier,0.0,True
12370474,4,Late-Payment Reporting Errors,0.9155,False
12372695,6,Identity Theft and Fraudulent Accounts,0.905,False
12379593,1,Unauthorized Hard Credit Inquiries,1.0,False
12379669,-1,Outlier,0.0,True
12379703,3,FCRA 605B Identity-Theft Blocking Requests,0.8855,False
12383670,12,Account and Personal-Information Inaccuracies,1.0,False
12384337,1,Unauthorized Hard Credit Inquiries,1.0,False
12385635,6,Identity Theft and Fraudulent Accounts,0.7888,False
12387848,-1,Outlier,0.0,True
12393273,4,Late-Payment Reporting Errors,1.0,False
12393474,8,Debt Collection and Debt Validation,1.0,False
12402166,-1,Outlier,0.0,True
12402819,11,Multi-Bureau Reinvestigation Failures,0.968,False
12403015,4,Late-Payment Reporting Errors,0.7051,False
12403804,-1,Outlier,0.0,True
12406984,0,FCRA Privacy and Permissible-Purpose Violations,1.0,False
12407321,4,Late-Payment Reporting Errors,0.7516,False
12407545,-1,Outlier,0.0,True
12408267,1,Unauthorized Hard Credit Inquiries,0.9382,False
12412182,8,Debt Collection and Debt Validation,1.0,False
12412454,3,FCRA 605B Identity-Theft Blocking Requests,1.0,False
12412904,-1,Outlier,0.0,True
12413255,6,Identity Theft and Fraudulent Accounts,1.0,False
12413927,6,Identity Theft and Fraudulent Accounts,1.0,False
12416045,1,Unauthorized Hard Credit Inquiries,0.6096,False
12416816,-1,Outlier,0.0,True
12417000,8,Debt Collection and Debt Validation,0.7714,False
12418441,3,FCRA 605B Identity-Theft Blocking Requests,0.9126,False
12420821,-1,Outlier,0.0,True
12424712,3,FCRA 605B Identity-Theft Blocking Requests,1.0,False
12425387,-1,Outlier,0.0,True
12425734,12,Account and Personal-Information Inaccuracies,1.0,False
12427275,3,FCRA 605B Identity-Theft Blocking Requests,0.9117,False
12427656,-1,Outlier,0.0,True
12431138,-1,Outlier,0.0,True
12432250,8,Debt Collection and Debt Validation,0.8775,False
12435934,2,General Credit-Report Inaccuracies,1.0,False
12436129,6,Identity Theft and Fraudulent Accounts,0.9755,False
12436467,-1,Outlier,0.0,True
12436504,-1,Outlier,0.0,True
12442881,4,Late-Payment Reporting Errors,0.7171,False
12444018,6,Identity Theft and Fraudulent Accounts,0.9755,False
12447861,6,Identity Theft and Fraudulent Accounts,0.9295,False
12451722,6,Identity Theft and Fraudulent Accounts,0.7463,False
12455429,-1,Outlier,0.0,True
12457597,3,FCRA 605B Identity-Theft Blocking Requests,0.8337,False
12457840,-1,Outlier,0.0,True
12462440,11,Multi-Bureau Reinvestigation Failures,0.968,False
12464511,11,Multi-Bureau Reinvestigation Failures,0.9812,False
12467330,-1,Outlier,0.0,True
12469903,8,Debt Collection and Debt Validation,0.983,False
12469934,-1,Outlier,0.0,True
12473786,-1,Outlier,0.0,True
12473958,12,Account and Personal-Information Inaccuracies,0.7864,False
12476629,-1,Outlier,0.0,True
12477648,4,Late-Payment Reporting Errors,0.6348,False
12479348,12,Account and Personal-Information Inaccuracies,0.7847,False
12481807,-1,Outlier,0.0,True
12482843,11,Multi-Bureau Reinvestigation Failures,0.968,False
12485818,1,Unauthorized Hard Credit Inquiries,0.9386,False
12486456,12,Account and Personal-Information Inaccuracies,0.7864,False
12488686,3,FCRA 605B Identity-Theft Blocking Requests,0.5755,False
12489738,-1,Outlier,0.0,True
12490580,4,Late-Payment Reporting Errors,1.0,False
12490759,-1,Outlier,0.0,True
12493738,-1,Outlier,0.0,True
12494691,-1,Outlier,0.0,True
12496391,2,General Credit-Report Inaccuracies,0.9472,False
12497609,-1,Outlier,0.0,True
12498556,6,Identity Theft and Fraudulent Accounts,0.7596,False
12499154,-1,Outlier,0.0,True
12499819,6,Identity Theft and Fraudulent Accounts,0.8902,False
12501034,0,FCRA Privacy and Permissible-Purpose Violations,1.0,False
12501810,-1,Outlier,0.0,True
12502349,-1,Outlier,0.0,True
12503135,8,Debt Collection and Debt Validation,1.0,False
12504168,-1,Outlier,0.0,True
12507284,-1,Outlier,0.0,True
12516457,6,Identity Theft and Fraudulent Accounts,0.9755,False
12518504,-1,Outlier,0.0,True
12519432,-1,Outlier,0.0,True
12520159,-1,Outlier,0.0,True
12522618,-1,Outlier,0.0,True
12522763,12,Account and Personal-Information Inaccuracies,0.7864,False
12525503,-1,Outlier,0.0,True
12525512,-1,Outlier,0.0,True
12527919,-1,Outlier,0.0,True
12530163,8,Debt Collection and Debt Validation,0.7156,False
12535461,-1,Outlier,0.0,True
12538492,2,General Credit-Report Inaccuracies,1.0,False
12538710,2,General Credit-Report Inaccuracies,1.0,False
12540257,7,Auto Loan and Payment-History Disputes,1.0,False
12541496,11,Multi-Bureau Reinvestigation Failures,1.0,False
12543430,-1,Outlier,0.0,True
12544428,-1,Outlier,0.0,True
12550688,-1,Outlier,0.0,True
12551909,-1,Outlier,0.0,True
12552246,6,Identity Theft and Fraudulent Accounts,0.7742,False
12552602,1,Unauthorized Hard Credit Inquiries,1.0,False
12554872,12,Account and Personal-Information Inaccuracies,0.8581,False
12556571,8,Debt Collection and Debt Validation,1.0,False
12556644,11,Multi-Bureau Reinvestigation Failures,0.968,False
12557655,5,Failure to Remove Identity-Theft Accounts,1.0,False
12558767,6,Identity Theft and Fraudulent Accounts,1.0,False
12559429,4,Late-Payment Reporting Errors,0.6639,False
12560743,-1,Outlier,0.0,True
12563367,4,Late-Payment Reporting Errors,1.0,False
12563960,9,Charge-Off and Account-Status Disputes,1.0,False
12564231,-1,Outlier,0.0,True
12565503,-1,Outlier,0.0,True
12565514,6,Identity Theft and Fraudulent Accounts,1.0,False
12570777,9,Charge-Off and Account-Status Disputes,0.8325,False
12571335,-1,Outlier,0.0,True
12575327,1,Unauthorized Hard Credit Inquiries,1.0,False
12579250,-1,Outlier,0.0,True
12585341,1,Unauthorized Hard Credit Inquiries,1.0,False
12586194,6,Identity Theft and Fraudulent Accounts,0.9947,False
12586433,12,Account and Personal-Information Inaccuracies,1.0,False
12587483,4,Late-Payment Reporting Errors,0.6874,False
12588956,0,FCRA Privacy and Permissible-Purpose Violations,1.0,False
12589082,6,Identity Theft and Fraudulent Accounts,1.0,False
12592938,-1,Outlier,0.0,True
12593845,1,Unauthorized Hard Credit Inquiries,1.0,False
12594245,3,FCRA 605B Identity-Theft Blocking Requests,1.0,False
12594354,1,Unauthorized Hard Credit Inquiries,1.0,False
12594433,-1,Outlier,0.0,True
12596313,8,Debt Collection and Debt Validation,0.8895,False
12598255,8,Debt Collection and Debt Validation,0.7933,False
12599925,10,Equifax Investigation Failures,0.9995,False
12602262,-1,Outlier,0.0,True
12602932,6,Identity Theft and Fraudulent Accounts,1.0,False
12603046,8,Debt Collection and Debt Validation,1.0,False
12603586,-1,Outlier,0.0,True
12604422,-1,Outlier,0.0,True
12607774,7,Auto Loan and Payment-History Disputes,0.9537,False
12608581,8,Debt Collection and Debt Validation,1.0,False
12611186,12,Account and Personal-Information Inaccuracies,1.0,False
12612311,7,Auto Loan and Payment-History Disputes,1.0,False
12612621,-1,Outlier,0.0,True
12615693,-1,Outlier,0.0,True
12616296,0,FCRA Privacy and Permissible-Purpose Violations,1.0,False
12616528,2,General Credit-Report Inaccuracies,1.0,False
12617450,0,FCRA Privacy and Permissible-Purpose Violations,1.0,False
12617582,-1,Outlier,0.0,True
12618553,0,FCRA Privacy and Permissible-Purpose Violations,1.0,False
12628411,-1,Outlier,0.0,True
12628736,1,Unauthorized Hard Credit Inquiries,1.0,False
12632442,-1,Outlier,0.0,True
12633569,6,Identity Theft and Fraudulent Accounts,1.0,False
12635080,1,Unauthorized Hard Credit Inquiries,1.0,False
12639044,3,FCRA 605B Identity-Theft Blocking Requests,1.0,False
12641385,11,Multi-Bureau Reinvestigation Failures,0.9812,False
12641465,0,FCRA Privacy and Permissible-Purpose Violations,1.0,False
12641775,0,FCRA Privacy and Permissible-Purpose Violations,1.0,False
12642453,11,Multi-Bureau Reinvestigation Failures,0.9422,False
12644144,9,Charge-Off and Account-Status Disputes,1.0,False
12648131,4,Late-Payment Reporting Errors,1.0,False
12649795,1,Unauthorized Hard Credit Inquiries,0.9382,False
12650047,6,Identity Theft and Fraudulent Accounts,0.8896,False
12650100,-1,Outlier,0.0,True
12652036,-1,Outlier,0.0,True
12652762,-1,Outlier,0.0,True
12654350,4,Late-Payment Reporting Errors,0.7962,False
12658978,4,Late-Payment Reporting Errors,0.8613,False
12659005,-1,Outlier,0.0,True
12659024,4,Late-Payment Reporting Errors,0.6571,False
12664595,-1,Outlier,0.0,True
12665607,4,Late-Payment Reporting Errors,0.5776,False
12667115,4,Late-Payment Reporting Errors,0.8152,False
12670613,7,Auto Loan and Payment-History Disputes,1.0,False
12670678,-1,Outlier,0.0,True
12670746,12,Account and Personal-Information Inaccuracies,1.0,False
12671722,3,FCRA 605B Identity-Theft Blocking Requests,1.0,False
12672332,9,Charge-Off and Account-Status Disputes,1.0,False
12673337,-1,Outlier,0.0,True
12677528,4,Late-Payment Reporting Errors,0.8328,False
12677594,8,Debt Collection and Debt Validation,1.0,False
12678855,3,FCRA 605B Identity-Theft Blocking Requests,1.0,False
12680945,0,FCRA Privacy and Permissible-Purpose Violations,1.0,False
12690504,12,Account and Personal-Information Inaccuracies,0.8285,False
12691542,-1,Outlier,0.0,True
12691758,8,Debt Collection and Debt Validation,0.6182,False
12692814,-1,Outlier,0.0,True
12693430,12,Account and Personal-Information Inaccuracies,1.0,False
12693796,1,Unauthorized Hard Credit Inquiries,1.0,False
12694330,1,Unauthorized Hard Credit Inquiries,0.479,False
12701260,1,Unauthorized Hard Credit Inquiries,0.657,False
12701908,-1,Outlier,0.0,True
12709025,-1,Outlier,0.0,True
12710295,0,FCRA Privacy and Permissible-Purpose Violations,0.7252,False
12710713,-1,Outlier,0.0,True
12712655,12,Account and Personal-Information Inaccuracies,0.8345,False
12713134,6,Identity Theft and Fraudulent Accounts,0.8352,False
12714705,4,Late-Payment Reporting Errors,0.8038,False
12715187,4,Late-Payment Reporting Errors,0.937,False
12720439,1,Unauthorized Hard Credit Inquiries,0.3899,False
12721569,9,Charge-Off and Account-Status Disputes,0.8424,False
12722112,1,Unauthorized Hard Credit Inquiries,0.6349,False
12722607,4,Late-Payment Reporting Errors,1.0,False
12723430,6,Identity Theft and Fraudulent Accounts,0.8722,False
12727006,-1,Outlier,0.0,True
12727141,4,Late-Payment Reporting Errors,0.9129,False
12727257,-1,Outlier,0.0,True
12727745,-1,Outlier,0.0,True
12728194,11,Multi-Bureau Reinvestigation Failures,0.9189,False
12732573,-1,Outlier,0.0,True
12734478,1,Unauthorized Hard Credit Inquiries,1.0,False
12734919,12,Account and Personal-Information Inaccuracies,0.8345,False
12736195,1,Unauthorized Hard Credit Inquiries,0.9382,False
12737547,-1,Outlier,0.0,True
12740299,-1,Outlier,0.0,True
12745540,-1,Outlier,0.0,True
12746872,1,Unauthorized Hard Credit Inquiries,0.7571,False
12747585,12,Account and Personal-Information Inaccuracies,0.8345,False
12752397,4,Late-Payment Reporting Errors,0.639,False
12753468,-1,Outlier,0.0,True
12753512,-1,Outlier,0.0,True
12755756,-1,Outlier,0.0,True
12762578,0,FCRA Privacy and Permissible-Purpose Violations,1.0,False
12764580,-1,Outlier,0.0,True
12770775,-1,Outlier,0.0,True
12771738,6,Identity Theft and Fraudulent Accounts,1.0,False
12776022,-1,Outlier,0.0,True
12779064,11,Multi-Bureau Reinvestigation Failures,0.9676,False
12779176,3,FCRA 605B Identity-Theft Blocking Requests,1.0,False
12785290,1,Unauthorized Hard Credit Inquiries,0.8303,False
12785949,-1,Outlier,0.0,True
12786019,0,FCRA Privacy and Permissible-Purpose Violations,1.0,False
12786194,-1,Outlier,0.0,True
12787288,8,Debt Collection and Debt Validation,0.6944,False
12789643,-1,Outlier,0.0,True
12790058,2,General Credit-Report Inaccuracies,1.0,False
12790176,0,FCRA Privacy and Permissible-Purpose Violations,1.0,False
12790389,0,FCRA Privacy and Permissible-Purpose Violations,0.9624,False
12790563,6,Identity Theft and Fraudulent Accounts,1.0,False
12791281,8,Debt Collection and Debt Validation,1.0,False
12792221,4,Late-Payment Reporting Errors,0.7171,False
12792909,12,Account and Personal-Information Inaccuracies,1.0,False
12798642,8,Debt Collection and Debt Validation,0.9861,False
12802908,11,Multi-Bureau Reinvestigation Failures,0.9574,False
12804056,11,Multi-Bureau Reinvestigation Failures,1.0,False
12804307,6,Identity Theft and Fraudulent Accounts,0.8662,False
12804712,2,General Credit-Report Inaccuracies,0.9472,False
12804926,12,Account and Personal-Information Inaccuracies,0.8275,False
12808387,-1,Outlier,0.0,True
12810306,6,Identity Theft and Fraudulent Accounts,1.0,False
12811910,10,Equifax Investigation Failures,0.9918,False
12812743,4,Late-Payment Reporting Errors,0.9374,False
12813563,12,Account and Personal-Information Inaccuracies,1.0,False
12814233,4,Late-Payment Reporting Errors,0.8634,False
12817011,-1,Outlier,0.0,True
12823097,3,FCRA 605B Identity-Theft Blocking Requests,1.0,False
12828309,6,Identity Theft and Fraudulent Accounts,1.0,False
12829162,1,Unauthorized Hard Credit Inquiries,0.6763,False
12829341,2,General Credit-Report Inaccuracies,0.9472,False
12830045,-1,Outlier,0.0,True
12832048,-1,Outlier,0.0,True
12834214,-1,Outlier,0.0,True
12837000,3,FCRA 605B Identity-Theft Blocking Requests,1.0,False
12837478,-1,Outlier,0.0,True
12837521,-1,Outlier,0.0,True
12839108,-1,Outlier,0.0,True
12839394,-1,Outlier,0.0,True
12843296,9,Charge-Off and Account-Status Disputes,1.0,False
12843479,7,Auto Loan and Payment-History Disputes,1.0,False
12843553,11,Multi-Bureau Reinvestigation Failures,0.9478,False
12844307,6,Identity Theft and Fraudulent Accounts,1.0,False
12844683,0,FCRA Privacy and Permissible-Purpose Violations,1.0,False
12844849,11,Multi-Bureau Reinvestigation Failures,0.8959,False
12845030,-1,Outlier,0.0,True
12847706,5,Failure to Remove Identity-Theft Accounts,1.0,False
12848004,0,FCRA Privacy and Permissible-Purpose Violations,1.0,False
12851144,-1,Outlier,0.0,True
12851468,9,Charge-Off and Account-Status Disputes,1.0,False
12853841,5,Failure to Remove Identity-Theft Accounts,1.0,False
12855681,-1,Outlier,0.0,True
12855906,-1,Outlier,0.0,True
12856017,-1,Outlier,0.0,True
12859860,2,General Credit-Report Inaccuracies,1.0,False
12860030,5,Failure to Remove Identity-Theft Accounts,1.0,False
12864397,9,Charge-Off and Account-Status Disputes,0.9068,False
12864967,-1,Outlier,0.0,True
12865887,12,Account and Personal-Information Inaccuracies,0.8345,False
12866456,12,Account and Personal-Information Inaccuracies,1.0,False
12867973,11,Multi-Bureau Reinvestigation Failures,0.968,False
12869115,-1,Outlier,0.0,True
12869386,1,Unauthorized Hard Credit Inquiries,0.8385,False
12870722,-1,Outlier,0.0,True
12871975,-1,Outlier,0.0,True
12872224,-1,Outlier,0.0,True
12874701,-1,Outlier,0.0,True
12876190,4,Late-Payment Reporting Errors,0.8275,False
12877330,-1,Outlier,0.0,True
12877678,-1,Outlier,0.0,True
12878060,-1,Outlier,0.0,True
12881163,6,Identity Theft and Fraudulent Accounts,1.0,False
12883965,0,FCRA Privacy and Permissible-Purpose Violations,1.0,False
12885170,3,FCRA 605B Identity-Theft Blocking Requests,1.0,False
12886493,6,Identity Theft and Fraudulent Accounts,0.9755,False
12887035,11,Multi-Bureau Reinvestigation Failures,0.965,False
12890986,11,Multi-Bureau Reinvestigation Failures,1.0,False
12891438,-1,Outlier,0.0,True
12891522,12,Account and Personal-Information Inaccuracies,0.8581,False
12892917,4,Late-Payment Reporting Errors,0.9831,False
12894438,-1,Outlier,0.0,True
12895004,11,Multi-Bureau Reinvestigation Failures,0.9585,False
12899253,-1,Outlier,0.0,True
12901313,10,Equifax Investigation Failures,1.0,False
12901350,9,Charge-Off and Account-Status Disputes,1.0,False
12903104,10,Equifax Investigation Failures,1.0,False
12913850,1,Unauthorized Hard Credit Inquiries,1.0,False
12915140,4,Late-Payment Reporting Errors,0.9129,False
12916325,-1,Outlier,0.0,True
12919099,-1,Outlier,0.0,True
12919158,-1,Outlier,0.0,True
12928612,2,General Credit-Report Inaccuracies,0.9135,False
12930344,1,Unauthorized Hard Credit Inquiries,1.0,False
12930728,4,Late-Payment Reporting Errors,0.7545,False
12932861,6,Identity Theft and Fraudulent Accounts,0.9295,False
12933408,8,Debt Collection and Debt Validation,0.8772,False
12935349,6,Identity Theft and Fraudulent Accounts,0.9402,False
12937813,-1,Outlier,0.0,True
12938922,6,Identity Theft and Fraudulent Accounts,1.0,False
12939708,6,Identity Theft and Fraudulent Accounts,0.9295,False
12940119,11,Multi-Bureau Reinvestigation Failures,1.0,False
12944878,6,Identity Theft and Fraudulent Accounts,0.9295,False
12947571,8,Debt Collection and Debt Validation,1.0,False
12956089,11,Multi-Bureau Reinvestigation Failures,1.0,False
12957634,6,Identity Theft and Fraudulent Accounts,0.9755,False
12959429,6,Identity Theft and Fraudulent Accounts,1.0,False
12960520,3,FCRA 605B Identity-Theft Blocking Requests,0.7545,False
12961197,-1,Outlier,0.0,True
12962767,8,Debt Collection and Debt Validation,1.0,False
12963202,9,Charge-Off and Account-Status Disputes,1.0,False
12963249,-1,Outlier,0.0,True
12963812,-1,Outlier,0.0,True
12964671,2,General Credit-Report Inaccuracies,1.0,False
12965821,-1,Outlier,0.0,True
12966124,-1,Outlier,0.0,True
12966138,-1,Outlier,0.0,True
12966725,-1,Outlier,0.0,True
12968502,12,Account and Personal-Information Inaccuracies,0.8345,False
12968744,-1,Outlier,0.0,True
12973051,-1,Outlier,0.0,True
12974730,0,FCRA Privacy and Permissible-Purpose Violations,1.0,False
12977499,-1,Outlier,0.0,True
12977537,-1,Outlier,0.0,True
12986638,8,Debt Collection and Debt Validation,0.7739,False
12988713,-1,Outlier,0.0,True
12988961,-1,Outlier,0.0,True
12993693,6,Identity Theft and Fraudulent Accounts,0.8066,False
12994183,8,Debt Collection and Debt Validation,0.9557,False
12994228,1,Unauthorized Hard Credit Inquiries,1.0,False
12994449,12,Account and Personal-Information Inaccuracies,0.8345,False
12995999,4,Late-Payment Reporting Errors,1.0,False
12996151,3,FCRA 605B Identity-Theft Blocking Requests,0.9937,False
12996334,-1,Outlier,0.0,True
12996595,3,FCRA 605B Identity-Theft Blocking Requests,1.0,False
12996782,12,Account and Personal-Information Inaccuracies,0.9233,False
13000590,3,FCRA 605B Identity-Theft Blocking Requests,1.0,False
13001649,4,Late-Payment Reporting Errors,0.8886,False
13003412,-1,Outlier,0.0,True
13004299,-1,Outlier,0.0,True
13005568,-1,Outlier,0.0,True
13006119,4,Late-Payment Reporting Errors,1.0,False
13009471,9,Charge-Off and Account-Status Disputes,0.8266,False
13010128,-1,Outlier,0.0,True
13010803,4,Late-Payment Reporting Errors,1.0,False
13012456,-1,Outlier,0.0,True
13018255,-1,Outlier,0.0,True
13024565,-1,Outlier,0.0,True
13024820,-1,Outlier,0.0,True
13026452,-1,Outlier,0.0,True
13026923,12,Account and Personal-Information Inaccuracies,1.0,False
13027608,-1,Outlier,0.0,True
13029432,12,Account and Personal-Information Inaccuracies,1.0,False
13031724,6,Identity Theft and Fraudulent Accounts,1.0,False
13032407,12,Account and Personal-Information Inaccuracies,0.9065,False
13035078,-1,Outlier,0.0,True
13038804,9,Charge-Off and Account-Status Disputes,0.8652,False
13044412,6,Identity Theft and Fraudulent Accounts,1.0,False
13044478,-1,Outlier,0.0,True
13049603,-1,Outlier,0.0,True
13050397,3,FCRA 605B Identity-Theft Blocking Requests,1.0,False
13050579,-1,Outlier,0.0,True
13051335,-1,Outlier,0.0,True
13056540,6,Identity Theft and Fraudulent Accounts,0.7843,False
13061248,6,Identity Theft and Fraudulent Accounts,1.0,False
13061363,3,FCRA 605B Identity-Theft Blocking Requests,0.7196,False
13062151,4,Late-Payment Reporting Errors,0.9213,False
13063335,8,Debt Collection and Debt Validation,0.8946,False
13065447,3,FCRA 605B Identity-Theft Blocking Requests,1.0,False
13066811,-1,Outlier,0.0,True
13066892,-1,Outlier,0.0,True
13068225,-1,Outlier,0.0,True
13068745,-1,Outlier,0.0,True
13070381,-1,Outlier,0.0,True
13075082,6,Identity Theft and Fraudulent Accounts,1.0,False
13075751,-1,Outlier,0.0,True
13078731,-1,Outlier,0.0,True
13078828,0,FCRA Privacy and Permissible-Purpose Violations,1.0,False
13079411,12,Account and Personal-Information Inaccuracies,0.8069,False
13083949,1,Unauthorized Hard Credit Inquiries,1.0,False
13087789,-1,Outlier,0.0,True
13088081,12,Account and Personal-Information Inaccuracies,0.9319,False
13091412,8,Debt Collection and Debt Validation,1.0,False
13095805,4,Late-Payment Reporting Errors,0.8953,False
13098180,-1,Outlier,0.0,True
13098686,12,Account and Personal-Information Inaccuracies,0.8269,False
13101511,-1,Outlier,0.0,True
13109722,12,Account and Personal-Information Inaccuracies,0.848,False
13110582,4,Late-Payment Reporting Errors,0.8896,False
13111589,11,Multi-Bureau Reinvestigation Failures,0.968,False
13113390,12,Account and Personal-Information Inaccuracies,0.7864,False
13115725,-1,Outlier,0.0,True
13115878,-1,Outlier,0.0,True
13117454,4,Late-Payment Reporting Errors,1.0,False
13121919,6,Identity Theft and Fraudulent Accounts,1.0,False
13126324,10,Equifax Investigation Failures,1.0,False
13127040,-1,Outlier,0.0,True
13127965,-1,Outlier,0.0,True
13131947,4,Late-Payment Reporting Errors,0.9275,False
13133868,12,Account and Personal-Information Inaccuracies,0.8581,False
13140084,-1,Outlier,0.0,True
13140617,-1,Outlier,0.0,True
13146562,2,General Credit-Report Inaccuracies,1.0,False
13147029,-1,Outlier,0.0,True
13148387,12,Account and Personal-Information Inaccuracies,1.0,False
13151262,1,Unauthorized Hard Credit Inquiries,0.6957,False
13152614,-1,Outlier,0.0,True
13154215,-1,Outlier,0.0,True
13159360,2,General Credit-Report Inaccuracies,0.9472,False
13162547,-1,Outlier,0.0,True
13163550,2,General Credit-Report Inaccuracies,1.0,False
13163796,4,Late-Payment Reporting Errors,0.7123,False
13164561,2,General Credit-Report Inaccuracies,1.0,False
13165084,7,Auto Loan and Payment-History Disputes,1.0,False
13167007,2,General Credit-Report Inaccuracies,1.0,False
13167884,-1,Outlier,0.0,True
13168900,-1,Outlier,0.0,True
13174708,-1,Outlier,0.0,True
13178122,4,Late-Payment Reporting Errors,0.5702,False
13178323,-1,Outlier,0.0,True
13179443,6,Identity Theft and Fraudulent Accounts,1.0,False
13181137,-1,Outlier,0.0,True
13182485,12,Account and Personal-Information Inaccuracies,1.0,False
13188195,6,Identity Theft and Fraudulent Accounts,1.0,False
13188690,6,Identity Theft and Fraudulent Accounts,0.9647,False
13194192,4,Late-Payment Reporting Errors,1.0,False
13194627,3,FCRA 605B Identity-Theft Blocking Requests,0.7497,False
13194902,-1,Outlier,0.0,True
13197793,6,Identity Theft and Fraudulent Accounts,1.0,False
13198982,-1,Outlier,0.0,True
13199095,1,Unauthorized Hard Credit Inquiries,0.5998,False
13205442,1,Unauthorized Hard Credit Inquiries,0.6097,False
13205892,-1,Outlier,0.0,True
13210229,4,Late-Payment Reporting Errors,0.7171,False
13210409,6,Identity Theft and Fraudulent Accounts,1.0,False
13212077,-1,Outlier,0.0,True
13212301,4,Late-Payment Reporting Errors,0.9534,False
13213561,-1,Outlier,0.0,True
13217086,1,Unauthorized Hard Credit Inquiries,1.0,False
13217180,-1,Outlier,0.0,True
13219539,10,Equifax Investigation Failures,1.0,False
13222595,-1,Outlier,0.0,True
13222880,4,Late-Payment Reporting Errors,0.8943,False
13228873,-1,Outlier,0.0,True
13229169,-1,Outlier,0.0,True
13229562,-1,Outlier,0.0,True
13231097,-1,Outlier,0.0,True
13234884,3,FCRA 605B Identity-Theft Blocking Requests,0.6335,False
13238538,-1,Outlier,0.0,True
13238961,-1,Outlier,0.0,True
13238986,4,Late-Payment Reporting Errors,1.0,False
13241533,12,Account and Personal-Information Inaccuracies,0.8836,False
13242934,-1,Outlier,0.0,True
13246378,-1,Outlier,0.0,True
13246785,1,Unauthorized Hard Credit Inquiries,0.9382,False
13247013,12,Account and Personal-Information Inaccuracies,1.0,False
13247400,-1,Outlier,0.0,True
13248026,4,Late-Payment Reporting Errors,1.0,False
13248343,1,Unauthorized Hard Credit Inquiries,0.911,False
13249359,-1,Outlier,0.0,True
13250464,3,FCRA 605B Identity-Theft Blocking Requests,0.5984,False
13250660,2,General Credit-Report Inaccuracies,1.0,False
13256124,1,Unauthorized Hard Credit Inquiries,0.4494,False
13256136,1,Unauthorized Hard Credit Inquiries,0.9382,False
13258526,6,Identity Theft and Fraudulent Accounts,0.8241,False
13263346,6,Identity Theft and Fraudulent Accounts,0.9295,False
13263897,0,FCRA Privacy and Permissible-Purpose Violations,1.0,False
13266784,9,Charge-Off and Account-Status Disputes,1.0,False
13267113,3,FCRA 605B Identity-Theft Blocking Requests,1.0,False
13269010,-1,Outlier,0.0,True
13272576,11,Multi-Bureau Reinvestigation Failures,1.0,False
13276739,-1,Outlier,0.0,True
13278801,4,Late-Payment Reporting Errors,0.7437,False
13278814,11,Multi-Bureau Reinvestigation Failures,1.0,False
13281045,4,Late-Payment Reporting Errors,0.7171,False
13283083,8,Debt Collection and Debt Validation,0.9712,False
13285854,11,Multi-Bureau Reinvestigation Failures,0.968,False
13290906,8,Debt Collection and Debt Validation,0.8405,False
13293493,4,Late-Payment Reporting Errors,0.6347,False
13296994,12,Account and Personal-Information Inaccuracies,1.0,False
13302590,4,Late-Payment Reporting Errors,0.7451,False
13305163,-1,Outlier,0.0,True
13306690,-1,Outlier,0.0,True
13308025,-1,Outlier,0.0,True
13309941,4,Late-Payment Reporting Errors,0.7245,False
13310989,-1,Outlier,0.0,True
13311780,8,Debt Collection and Debt Validation,0.9086,False
13312015,12,Account and Personal-Information Inaccuracies,0.8581,False
13312316,11,Multi-Bureau Reinvestigation Failures,0.9398,False
13314659,12,Account and Personal-Information Inaccuracies,1.0,False
13321143,-1,Outlier,0.0,True
13325094,-1,Outlier,0.0,True
13325225,6,Identity Theft and Fraudulent Accounts,1.0,False
13325406,-1,Outlier,0.0,True
13326005,12,Account and Personal-Information Inaccuracies,0.9319,False
13327217,3,FCRA 605B Identity-Theft Blocking Requests,1.0,False
13328161,-1,Outlier,0.0,True
13330123,-1,Outlier,0.0,True
13330775,8,Debt Collection and Debt Validation,0.6235,False
13333561,12,Account and Personal-Information Inaccuracies,1.0,False
13337703,4,Late-Payment Reporting Errors,0.6596,False
13344001,2,General Credit-Report Inaccuracies,1.0,False
13345034,6,Identity Theft and Fraudulent Accounts,0.9905,False
13349166,11,Multi-Bureau Reinvestigation Failures,0.9713,False
13349200,9,Charge-Off and Account-Status Disputes,0.9331,False
13350613,6,Identity Theft and Fraudulent Accounts,0.8192,False
13352207,8,Debt Collection and Debt Validation,0.7746,False
13352212,-1,Outlier,0.0,True
13354020,10,Equifax Investigation Failures,0.8079,False
13354038,3,FCRA 605B Identity-Theft Blocking Requests,0.7264,False
13355981,-1,Outlier,0.0,True
13357974,3,FCRA 605B Identity-Theft Blocking Requests,1.0,False
13358035,-1,Outlier,0.0,True
13358139,-1,Outlier,0.0,True
13361177,12,Account and Personal-Information Inaccuracies,0.953,False
13363890,10,Equifax Investigation Failures,0.9512,False
13364672,-1,Outlier,0.0,True
13366927,-1,Outlier,0.0,True
13367736,6,Identity Theft and Fraudulent Accounts,1.0,False
13371421,3,FCRA 605B Identity-Theft Blocking Requests,1.0,False
13371560,-1,Outlier,0.0,True
13375210,-1,Outlier,0.0,True
13375551,10,Equifax Investigation Failures,1.0,False
13379031,3,FCRA 605B Identity-Theft Blocking Requests,0.5907,False
13382711,-1,Outlier,0.0,True
13383562,12,Account and Personal-Information Inaccuracies,1.0,False
13389374,6,Identity Theft and Fraudulent Accounts,0.9585,False
13392402,6,Identity Theft and Fraudulent Accounts,1.0,False
13393589,-1,Outlier,0.0,True
13398450,-1,Outlier,0.0,True
13398459,-1,Outlier,0.0,True
13405819,2,General Credit-Report Inaccuracies,0.9472,False
13408584,4,Late-Payment Reporting Errors,0.5711,False
13411250,7,Auto Loan and Payment-History Disputes,1.0,False
13416793,-1,Outlier,0.0,True
13420935,-1,Outlier,0.0,True
13422704,3,FCRA 605B Identity-Theft Blocking Requests,0.5969,False
13423769,-1,Outlier,0.0,True
13430637,4,Late-Payment Reporting Errors,1.0,False
13431855,9,Charge-Off and Account-Status Disputes,1.0,False
13434538,9,Charge-Off and Account-Status Disputes,0.9554,False
13434980,8,Debt Collection and Debt Validation,1.0,False
13436594,-1,Outlier,0.0,True
13437221,3,FCRA 605B Identity-Theft Blocking Requests,1.0,False
13437787,3,FCRA 605B Identity-Theft Blocking Requests,0.7297,False
13444870,8,Debt Collection and Debt Validation,1.0,False
13446751,4,Late-Payment Reporting Errors,0.5756,False
13450052,-1,Outlier,0.0,True
13452236,-1,Outlier,0.0,True
13454828,4,Late-Payment Reporting Errors,0.6149,False
13455255,-1,Outlier,0.0,True
13455482,8,Debt Collection and Debt Validation,0.9861,False
13455503,-1,Outlier,0.0,True
13456772,9,Charge-Off and Account-Status Disputes,0.9962,False
13458657,-1,Outlier,0.0,True
13460145,12,Account and Personal-Information Inaccuracies,1.0,False
13461017,9,Charge-Off and Account-Status Disputes,0.8376,False
13463114,-1,Outlier,0.0,True
13467028,-1,Outlier,0.0,True
13468057,6,Identity Theft and Fraudulent Accounts,1.0,False
13470959,6,Identity Theft and Fraudulent Accounts,1.0,False
13471807,9,Charge-Off and Account-Status Disputes,1.0,False
13474142,-1,Outlier,0.0,True
13475100,-1,Outlier,0.0,True
13475390,1,Unauthorized Hard Credit Inquiries,1.0,False
13475435,-1,Outlier,0.0,True
13475539,-1,Outlier,0.0,True
13478268,6,Identity Theft and Fraudulent Accounts,1.0,False
13487150,2,General Credit-Report Inaccuracies,1.0,False
13492956,-1,Outlier,0.0,True
13493108,11,Multi-Bureau Reinvestigation Failures,0.968,False
13494922,9,Charge-Off and Account-Status Disputes,1.0,False
13496471,-1,Outlier,0.0,True
13498943,6,Identity Theft and Fraudulent Accounts,0.9295,False
13500147,-1,Outlier,0.0,True
13502183,-1,Outlier,0.0,True
13503199,-1,Outlier,0.0,True
13507934,3,FCRA 605B Identity-Theft Blocking Requests,0.5941,False
13512214,-1,Outlier,0.0,True
13512340,9,Charge-Off and Account-Status Disputes,1.0,False
13512522,-1,Outlier,0.0,True
13513285,4,Late-Payment Reporting Errors,1.0,False
13517204,1,Unauthorized Hard Credit Inquiries,1.0,False
13518043,-1,Outlier,0.0,True
13522862,-1,Outlier,0.0,True
13523607,-1,Outlier,0.0,True
13528444,2,General Credit-Report Inaccuracies,1.0,False
13530383,12,Account and Personal-Information Inaccuracies,0.9319,False
13532015,-1,Outlier,0.0,True
13533159,4,Late-Payment Reporting Errors,0.8643,False
13539380,11,Multi-Bureau Reinvestigation Failures,0.9349,False
13540553,6,Identity Theft and Fraudulent Accounts,1.0,False
13545293,3,FCRA 605B Identity-Theft Blocking Requests,1.0,False
13547138,-1,Outlier,0.0,True
13553572,7,Auto Loan and Payment-History Disputes,1.0,False
13554013,-1,Outlier,0.0,True
13556558,-1,Outlier,0.0,True
13556828,-1,Outlier,0.0,True
13559403,8,Debt Collection and Debt Validation,1.0,False
13559461,11,Multi-Bureau Reinvestigation Failures,0.968,False
13560860,1,Unauthorized Hard Credit Inquiries,1.0,False
13565592,10,Equifax Investigation Failures,0.829,False
13566325,4,Late-Payment Reporting Errors,1.0,False
13568712,8,Debt Collection and Debt Validation,0.6771,False
13569001,10,Equifax Investigation Failures,1.0,False
13574318,11,Multi-Bureau Reinvestigation Failures,1.0,False
13575167,4,Late-Payment Reporting Errors,0.9272,False
13575814,-1,Outlier,0.0,True
13576183,-1,Outlier,0.0,True
13576737,12,Account and Personal-Information Inaccuracies,1.0,False
13581714,6,Identity Theft and Fraudulent Accounts,0.776,False
13581944,-1,Outlier,0.0,True
13584640,2,General Credit-Report Inaccuracies,0.9472,False
13586561,11,Multi-Bureau Reinvestigation Failures,0.8953,False
13590180,-1,Outlier,0.0,True
13590904,-1,Outlier,0.0,True
13591021,11,Multi-Bureau Reinvestigation Failures,0.9159,False
13596195,-1,Outlier,0.0,True
13602459,11,Multi-Bureau Reinvestigation Failures,0.9275,False
13607546,-1,Outlier,0.0,True
13608710,-1,Outlier,0.0,True
13610570,7,Auto Loan and Payment-History Disputes,1.0,False
13611361,4,Late-Payment Reporting Errors,0.7127,False
13611548,-1,Outlier,0.0,True
13611898,-1,Outlier,0.0,True
13613357,-1,Outlier,0.0,True
13615161,-1,Outlier,0.0,True
13615853,-1,Outlier,0.0,True
13616380,12,Account and Personal-Information Inaccuracies,0.8243,False
13622718,-1,Outlier,0.0,True
13623069,-1,Outlier,0.0,True
13623369,-1,Outlier,0.0,True
13624220,-1,Outlier,0.0,True
13624691,6,Identity Theft and Fraudulent Accounts,0.9398,False
13626899,-1,Outlier,0.0,True
13627271,6,Identity Theft and Fraudulent Accounts,1.0,False
13628006,-1,Outlier,0.0,True
13629670,3,FCRA 605B Identity-Theft Blocking Requests,1.0,False
13630946,12,Account and Personal-Information Inaccuracies,1.0,False
13641168,-1,Outlier,0.0,True
13645246,5,Failure to Remove Identity-Theft Accounts,1.0,False
13646435,-1,Outlier,0.0,True
13647096,12,Account and Personal-Information Inaccuracies,1.0,False
13647504,-1,Outlier,0.0,True
13648083,-1,Outlier,0.0,True
13649075,10,Equifax Investigation Failures,1.0,False
13649315,-1,Outlier,0.0,True
13654815,11,Multi-Bureau Reinvestigation Failures,1.0,False
13657014,7,Auto Loan and Payment-History Disputes,1.0,False
13657179,3,FCRA 605B Identity-Theft Blocking Requests,1.0,False
13659384,0,FCRA Privacy and Permissible-Purpose Violations,1.0,False
13661192,1,Unauthorized Hard Credit Inquiries,1.0,False
13662890,-1,Outlier,0.0,True
13665489,6,Identity Theft and Fraudulent Accounts,0.8394,False
13665685,6,Identity Theft and Fraudulent Accounts,0.9755,False
13670031,11,Multi-Bureau Reinvestigation Failures,1.0,False
13670416,-1,Outlier,0.0,True
13670785,2,General Credit-Report Inaccuracies,1.0,False
13672872,10,Equifax Investigation Failures,0.8414,False
13677012,11,Multi-Bureau Reinvestigation Failures,1.0,False
13679264,-1,Outlier,0.0,True
13681751,6,Identity Theft and Fraudulent Accounts,0.9295,False
13682060,6,Identity Theft and Fraudulent Accounts,0.9295,False
13686895,8,Debt Collection and Debt Validation,0.9861,False
13688503,6,Identity Theft and Fraudulent Accounts,0.9295,False
13690022,-1,Outlier,0.0,True
13690974,11,Multi-Bureau Reinvestigation Failures,1.0,False
13693527,11,Multi-Bureau Reinvestigation Failures,0.9072,False
13697941,8,Debt Collection and Debt Validation,0.8987,False
13699977,-1,Outlier,0.0,True
13701497,-1,Outlier,0.0,True
13701841,-1,Outlier,0.0,True
13709093,11,Multi-Bureau Reinvestigation Failures,0.9496,False
13711722,6,Identity Theft and Fraudulent Accounts,0.9295,False
13713259,-1,Outlier,0.0,True
13714069,-1,Outlier,0.0,True
13716650,6,Identity Theft and Fraudulent Accounts,0.8623,False
13717484,6,Identity Theft and Fraudulent Accounts,0.8521,False
13717741,-1,Outlier,0.0,True
13717829,-1,Outlier,0.0,True
13717842,2,General Credit-Report Inaccuracies,1.0,False
13718425,6,Identity Theft and Fraudulent Accounts,0.8419,False
13719194,1,Unauthorized Hard Credit Inquiries,0.7359,False
13722102,6,Identity Theft and Fraudulent Accounts,0.9295,False
13723720,8,Debt Collection and Debt Validation,0.9861,False
13724040,8,Debt Collection and Debt Validation,0.6188,False
13725591,1,Unauthorized Hard Credit Inquiries,0.5408,False
13740753,5,Failure to Remove Identity-Theft Accounts,1.0,False
13745523,2,General Credit-Report Inaccuracies,1.0,False
13747500,-1,Outlier,0.0,True
13747842,5,Failure to Remove Identity-Theft Accounts,1.0,False
13749119,-1,Outlier,0.0,True
13749490,-1,Outlier,0.0,True
13749557,8,Debt Collection and Debt Validation,1.0,False
13750182,-1,Outlier,0.0,True
13751187,0,FCRA Privacy and Permissible-Purpose Violations,1.0,False
13752321,4,Late-Payment Reporting Errors,1.0,False
13753778,-1,Outlier,0.0,True
13756831,-1,Outlier,0.0,True
13756971,6,Identity Theft and Fraudulent Accounts,0.8688,False
13768676,0,FCRA Privacy and Permissible-Purpose Violations,1.0,False
13770331,1,Unauthorized Hard Credit Inquiries,0.9382,False
13770750,-1,Outlier,0.0,True
13771418,6,Identity Theft and Fraudulent Accounts,0.9349,False
13771513,-1,Outlier,0.0,True
13776394,7,Auto Loan and Payment-History Disputes,1.0,False
13777928,9,Charge-Off and Account-Status Disputes,1.0,False
13779119,9,Charge-Off and Account-Status Disputes,0.9096,False
13788239,9,Charge-Off and Account-Status Disputes,1.0,False
13789850,2,General Credit-Report Inaccuracies,1.0,False
13789960,11,Multi-Bureau Reinvestigation Failures,0.9635,False
13791405,6,Identity Theft and Fraudulent Accounts,0.867,False
13791552,-1,Outlier,0.0,True
13794647,4,Late-Payment Reporting Errors,0.9344,False
13794816,10,Equifax Investigation Failures,1.0,False
13796250,4,Late-Payment Reporting Errors,1.0,False
13798060,9,Charge-Off and Account-Status Disputes,0.9118,False
13803649,4,Late-Payment Reporting Errors,1.0,False
13806893,10,Equifax Investigation Failures,0.9699,False
13809347,2,General Credit-Report Inaccuracies,0.9472,False
13810102,2,General Credit-Report Inaccuracies,1.0,False
13813605,11,Multi-Bureau Reinvestigation Failures,1.0,False
13813724,-1,Outlier,0.0,True
13813892,6,Identity Theft and Fraudulent Accounts,0.9295,False
13816993,-1,Outlier,0.0,True
13817281,6,Identity Theft and Fraudulent Accounts,1.0,False
13820500,8,Debt Collection and Debt Validation,0.9861,False
13820787,11,Multi-Bureau Reinvestigation Failures,0.9153,False
13821366,11,Multi-Bureau Reinvestigation Failures,0.9092,False
13824542,12,Account and Personal-Information Inaccuracies,0.8293,False
13825003,-1,Outlier,0.0,True
13825523,9,Charge-Off and Account-Status Disputes,0.8841,False
13827533,-1,Outlier,0.0,True
13827593,-1,Outlier,0.0,True
13830966,0,FCRA Privacy and Permissible-Purpose Violations,1.0,False
13833906,12,Account and Personal-Information Inaccuracies,1.0,False
13834314,8,Debt Collection and Debt Validation,1.0,False
13835498,9,Charge-Off and Account-Status Disputes,1.0,False
13841564,12,Account and Personal-Information Inaccuracies,0.8581,False
13843712,-1,Outlier,0.0,True
13849109,-1,Outlier,0.0,True
13849465,7,Auto Loan and Payment-History Disputes,0.998,False
13849613,6,Identity Theft and Fraudulent Accounts,0.9295,False
13852483,10,Equifax Investigation Failures,0.8468,False
13855681,8,Debt Collection and Debt Validation,0.8978,False
13856111,3,FCRA 605B Identity-Theft Blocking Requests,1.0,False
13858746,11,Multi-Bureau Reinvestigation Failures,0.9812,False
13864108,10,Equifax Investigation Failures,1.0,False
13864112,6,Identity Theft and Fraudulent Accounts,0.9191,False
13869983,11,Multi-Bureau Reinvestigation Failures,1.0,False
13870888,6,Identity Theft and Fraudulent Accounts,0.9651,False
13871987,6,Identity Theft and Fraudulent Accounts,0.9295,False
13873337,-1,Outlier,0.0,True
13874587,4,Late-Payment Reporting Errors,1.0,False
13875832,-1,Outlier,0.0,True
13876798,4,Late-Payment Reporting Errors,1.0,False
13879490,0,FCRA Privacy and Permissible-Purpose Violations,1.0,False
13881071,6,Identity Theft and Fraudulent Accounts,0.9891,False
13881626,4,Late-Payment Reporting Errors,0.9508,False
13882161,1,Unauthorized Hard Credit Inquiries,0.9382,False
13884652,11,Multi-Bureau Reinvestigation Failures,0.9691,False
13885194,-1,Outlier,0.0,True
13885785,12,Account and Personal-Information Inaccuracies,0.8414,False
13885795,4,Late-Payment Reporting Errors,0.6538,False
13894186,4,Late-Payment Reporting Errors,0.6624,False
13894234,6,Identity Theft and Fraudulent Accounts,0.8934,False
13895198,6,Identity Theft and Fraudulent Accounts,1.0,False
13897385,-1,Outlier,0.0,True
13898656,-1,Outlier,0.0,True
13900738,6,Identity Theft and Fraudulent Accounts,0.9755,False
13906969,3,FCRA 605B Identity-Theft Blocking Requests,0.9149,False
13907054,6,Identity Theft and Fraudulent Accounts,0.8035,False
13907541,12,Account and Personal-Information Inaccuracies,1.0,False
13910182,-1,Outlier,0.0,True
13916946,6,Identity Theft and Fraudulent Accounts,0.7908,False
13917044,6,Identity Theft and Fraudulent Accounts,0.9295,False
13923900,4,Late-Payment Reporting Errors,1.0,False
13932269,1,Unauthorized Hard Credit Inquiries,0.693,False
13935371,10,Equifax Investigation Failures,0.8524,False
13935881,2,General Credit-Report Inaccuracies,1.0,False
13941035,6,Identity Theft and Fraudulent Accounts,0.9295,False
13942315,-1,Outlier,0.0,True
13943114,-1,Outlier,0.0,True
13945313,6,Identity Theft and Fraudulent Accounts,0.91,False
13945378,-1,Outlier,0.0,True
13945586,2,General Credit-Report Inaccuracies,1.0,False
13951261,-1,Outlier,0.0,True
13951567,9,Charge-Off and Account-Status Disputes,0.8714,False
13958392,6,Identity Theft and Fraudulent Accounts,0.8863,False
13960789,6,Identity Theft and Fraudulent Accounts,0.8706,False
13964590,-1,Outlier,0.0,True
13970098,-1,Outlier,0.0,True
13973799,-1,Outlier,0.0,True
13977115,1,Unauthorized Hard Credit Inquiries,0.9382,False
13982072,-1,Outlier,0.0,True
13985409,12,Account and Personal-Information Inaccuracies,0.7864,False
13986034,-1,Outlier,0.0,True
13989496,-1,Outlier,0.0,True
13991099,11,Multi-Bureau Reinvestigation Failures,0.968,False
13993471,8,Debt Collection and Debt Validation,1.0,False
13994050,6,Identity Theft and Fraudulent Accounts,0.9755,False
13996698,1,Unauthorized Hard Credit Inquiries,0.9382,False
13999085,3,FCRA 605B Identity-Theft Blocking Requests,0.9336,False
14000396,1,Unauthorized Hard Credit Inquiries,0.9382,False
14000413,6,Identity Theft and Fraudulent Accounts,1.0,False
14001030,3,FCRA 605B Identity-Theft Blocking Requests,0.5668,False
14002047,-1,Outlier,0.0,True
14004546,10,Equifax Investigation Failures,1.0,False
14005350,12,Account and Personal-Information Inaccuracies,1.0,False
14006063,-1,Outlier,0.0,True
14013509,4,Late-Payment Reporting Errors,0.6536,False
14014686,12,Account and Personal-Information Inaccuracies,0.8581,False
14014820,3,FCRA 605B Identity-Theft Blocking Requests,1.0,False
14016883,-1,Outlier,0.0,True
14018030,6,Identity Theft and Fraudulent Accounts,0.9754,False
14020313,-1,Outlier,0.0,True
14023121,-1,Outlier,0.0,True
14025234,-1,Outlier,0.0,True
14025843,-1,Outlier,0.0,True
14029257,1,Unauthorized Hard Credit Inquiries,0.9382,False
14032174,0,FCRA Privacy and Permissible-Purpose Violations,1.0,False
14034683,-1,Outlier,0.0,True
14034960,-1,Outlier,0.0,True
14037536,6,Identity Theft and Fraudulent Accounts,1.0,False
14038935,-1,Outlier,0.0,True
14039820,4,Late-Payment Reporting Errors,0.669,False
14040588,5,Failure to Remove Identity-Theft Accounts,1.0,False
14046424,10,Equifax Investigation Failures,1.0,False
14057494,2,General Credit-Report Inaccuracies,1.0,False
14058608,-1,Outlier,0.0,True
14060591,5,Failure to Remove Identity-Theft Accounts,1.0,False
14063071,-1,Outlier,0.0,True
14063738,-1,Outlier,0.0,True
14064094,12,Account and Personal-Information Inaccuracies,0.8581,False
14068416,7,Auto Loan and Payment-History Disputes,1.0,False
14073439,6,Identity Theft and Fraudulent Accounts,0.987,False
14074968,-1,Outlier,0.0,True
14075869,9,Charge-Off and Account-Status Disputes,0.9805,False
14076843,3,FCRA 605B Identity-Theft Blocking Requests,0.8483,False
14079007,4,Late-Payment Reporting Errors,1.0,False
14079398,6,Identity Theft and Fraudulent Accounts,1.0,False
14079825,6,Identity Theft and Fraudulent Accounts,1.0,False
14081295,7,Auto Loan and Payment-History Disputes,1.0,False
14082840,11,Multi-Bureau Reinvestigation Failures,0.933,False
14085840,-1,Outlier,0.0,True
14088932,-1,Outlier,0.0,True
14090699,-1,Outlier,0.0,True
14092341,6,Identity Theft and Fraudulent Accounts,1.0,False
14093749,-1,Outlier,0.0,True
14098875,11,Multi-Bureau Reinvestigation Failures,1.0,False
14101359,7,Auto Loan and Payment-History Disputes,1.0,False
14102147,-1,Outlier,0.0,True
14102941,1,Unauthorized Hard Credit Inquiries,1.0,False
14103481,-1,Outlier,0.0,True
14105057,-1,Outlier,0.0,True
14110435,-1,Outlier,0.0,True
14110494,6,Identity Theft and Fraudulent Accounts,1.0,False
14120373,-1,Outlier,0.0,True
14125540,6,Identity Theft and Fraudulent Accounts,1.0,False
14126071,8,Debt Collection and Debt Validation,0.649,False
14127826,-1,Outlier,0.0,True
14128105,8,Debt Collection and Debt Validation,0.9749,False
14128545,8,Debt Collection and Debt Validation,0.6997,False
14128606,-1,Outlier,0.0,True
14130762,-1,Outlier,0.0,True
14132444,2,General Credit-Report Inaccuracies,1.0,False
14137027,-1,Outlier,0.0,True
14138641,-1,Outlier,0.0,True
14140295,4,Late-Payment Reporting Errors,0.7826,False
14142400,-1,Outlier,0.0,True
14142912,0,FCRA Privacy and Permissible-Purpose Violations,1.0,False
14143031,-1,Outlier,0.0,True
14143141,10,Equifax Investigation Failures,1.0,False
14143806,3,FCRA 605B Identity-Theft Blocking Requests,1.0,False
14144890,-1,Outlier,0.0,True
14145349,7,Auto Loan and Payment-History Disputes,1.0,False
14145439,-1,Outlier,0.0,True
14147264,-1,Outlier,0.0,True
14150846,6,Identity Theft and Fraudulent Accounts,1.0,False
14152537,5,Failure to Remove Identity-Theft Accounts,1.0,False
14153646,4,Late-Payment Reporting Errors,0.9984,False
14155852,-1,Outlier,0.0,True
14156566,3,FCRA 605B Identity-Theft Blocking Requests,1.0,False
14156836,1,Unauthorized Hard Credit Inquiries,0.9303,False
14161045,8,Debt Collection and Debt Validation,0.8316,False
14161836,6,Identity Theft and Fraudulent Accounts,1.0,False
14165108,1,Unauthorized Hard Credit Inquiries,0.9382,False
14166375,2,General Credit-Report Inaccuracies,0.9472,False
14167365,-1,Outlier,0.0,True
14171760,-1,Outlier,0.0,True
14175376,3,FCRA 605B Identity-Theft Blocking Requests,0.7087,False
14177337,4,Late-Payment Reporting Errors,0.8132,False
14182473,-1,Outlier,0.0,True
14183885,3,FCRA 605B Identity-Theft Blocking Requests,0.549,False
14186678,8,Debt Collection and Debt Validation,1.0,False
14186684,6,Identity Theft and Fraudulent Accounts,1.0,False
14186894,2,General Credit-Report Inaccuracies,0.9472,False
14189529,-1,Outlier,0.0,True
14191325,11,Multi-Bureau Reinvestigation Failures,1.0,False
14193361,10,Equifax Investigation Failures,1.0,False
14194715,-1,Outlier,0.0,True
14194770,8,Debt Collection and Debt Validation,0.9861,False
14196791,7,Auto Loan and Payment-History Disputes,1.0,False
14197421,0,FCRA Privacy and Permissible-Purpose Violations,1.0,False
14197747,8,Debt Collection and Debt Validation,1.0,False
14200537,-1,Outlier,0.0,True
14201538,-1,Outlier,0.0,True
14201986,-1,Outlier,0.0,True
14203237,3,FCRA 605B Identity-Theft Blocking Requests,0.9274,False
14206604,12,Account and Personal-Information Inaccuracies,0.8345,False
14207413,11,Multi-Bureau Reinvestigation Failures,0.9812,False
14208606,2,General Credit-Report Inaccuracies,1.0,False
14208641,3,FCRA 605B Identity-Theft Blocking Requests,1.0,False
14214290,-1,Outlier,0.0,True
14215160,-1,Outlier,0.0,True
14215237,6,Identity Theft and Fraudulent Accounts,0.8262,False
14215707,6,Identity Theft and Fraudulent Accounts,0.9811,False
14216557,6,Identity Theft and Fraudulent Accounts,1.0,False
14216789,4,Late-Payment Reporting Errors,0.8015,False
14217622,-1,Outlier,0.0,True
14218935,5,Failure to Remove Identity-Theft Accounts,1.0,False
14219265,12,Account and Personal-Information Inaccuracies,0.813,False
14222721,1,Unauthorized Hard Credit Inquiries,1.0,False
14223162,-1,Outlier,0.0,True
14224004,11,Multi-Bureau Reinvestigation Failures,1.0,False
14224485,2,General Credit-Report Inaccuracies,1.0,False
14224505,-1,Outlier,0.0,True
14232658,4,Late-Payment Reporting Errors,0.5775,False
14232687,8,Debt Collection and Debt Validation,0.7057,False
14236832,12,Account and Personal-Information Inaccuracies,1.0,False
14240678,6,Identity Theft and Fraudulent Accounts,1.0,False
14244114,-1,Outlier,0.0,True
14244748,11,Multi-Bureau Reinvestigation Failures,1.0,False
14245138,8,Debt Collection and Debt Validation,0.6237,False
14246484,1,Unauthorized Hard Credit Inquiries,1.0,False
14248620,4,Late-Payment Reporting Errors,1.0,False
14251164,12,Account and Personal-Information Inaccuracies,0.8969,False
14251738,11,Multi-Bureau Reinvestigation Failures,0.9057,False
14252675,2,General Credit-Report Inaccuracies,0.9472,False
14258323,-1,Outlier,0.0,True
14262141,4,Late-Payment Reporting Errors,1.0,False
14263612,12,Account and Personal-Information Inaccuracies,0.8044,False
14269277,6,Identity Theft and Fraudulent Accounts,0.8114,False
14269655,6,Identity Theft and Fraudulent Accounts,1.0,False
14277283,-1,Outlier,0.0,True
14279418,9,Charge-Off and Account-Status Disputes,0.8264,False
14280922,3,FCRA 605B Identity-Theft Blocking Requests,0.9644,False
14282518,7,Auto Loan and Payment-History Disputes,1.0,False
14282578,8,Debt Collection and Debt Validation,0.6724,False
14283248,2,General Credit-Report Inaccuracies,1.0,False
14284993,3,FCRA 605B Identity-Theft Blocking Requests,0.6517,False
14285663,9,Charge-Off and Account-Status Disputes,0.8508,False
14286795,-1,Outlier,0.0,True
14289202,-1,Outlier,0.0,True
14291306,8,Debt Collection and Debt Validation,0.6108,False
14294230,4,Late-Payment Reporting Errors,0.7171,False
14295009,4,Late-Payment Reporting Errors,0.7861,False
14296610,3,FCRA 605B Identity-Theft Blocking Requests,1.0,False
14297192,6,Identity Theft and Fraudulent Accounts,1.0,False
14298599,0,FCRA Privacy and Permissible-Purpose Violations,1.0,False
14306706,8,Debt Collection and Debt Validation,1.0,False
14306793,-1,Outlier,0.0,True
14308199,-1,Outlier,0.0,True
14312724,11,Multi-Bureau Reinvestigation Failures,0.9812,False
14313425,3,FCRA 605B Identity-Theft Blocking Requests,1.0,False
14314315,-1,Outlier,0.0,True
14318794,3,FCRA 605B Identity-Theft Blocking Requests,1.0,False
14318983,-1,Outlier,0.0,True
14321347,7,Auto Loan and Payment-History Disputes,1.0,False
14321352,3,FCRA 605B Identity-Theft Blocking Requests,1.0,False
14322787,2,General Credit-Report Inaccuracies,1.0,False
14323185,-1,Outlier,0.0,True
14325567,8,Debt Collection and Debt Validation,0.822,False
14328448,-1,Outlier,0.0,True
14331750,12,Account and Personal-Information Inaccuracies,0.8581,False
14332766,12,Account and Personal-Information Inaccuracies,0.8345,False
14337701,1,Unauthorized Hard Credit Inquiries,0.9639,False
14341249,4,Late-Payment Reporting Errors,1.0,False
14352504,3,FCRA 605B Identity-Theft Blocking Requests,0.6716,False
14356292,-1,Outlier,0.0,True
14356596,-1,Outlier,0.0,True
14360314,6,Identity Theft and Fraudulent Accounts,0.7995,False
14361415,-1,Outlier,0.0,True
14364794,6,Identity Theft and Fraudulent Accounts,0.9295,False
14365424,6,Identity Theft and Fraudulent Accounts,0.92,False
14369368,-1,Outlier,0.0,True
14369695,-1,Outlier,0.0,True
14371722,12,Account and Personal-Information Inaccuracies,0.7864,False
14371943,-1,Outlier,0.0,True
14373621,10,Equifax Investigation Failures,1.0,False
14374425,4,Late-Payment Reporting Errors,0.7847,False
14377110,11,Multi-Bureau Reinvestigation Failures,0.9812,False
14377949,8,Debt Collection and Debt Validation,0.9861,False
14378668,3,FCRA 605B Identity-Theft Blocking Requests,1.0,False
14382465,2,General Credit-Report Inaccuracies,1.0,False
14384197,5,Failure to Remove Identity-Theft Accounts,1.0,False
14385334,2,General Credit-Report Inaccuracies,1.0,False
14385623,6,Identity Theft and Fraudulent Accounts,0.8179,False
14386107,12,Account and Personal-Information Inaccuracies,1.0,False
14386892,1,Unauthorized Hard Credit Inquiries,1.0,False
14388880,-1,Outlier,0.0,True
14397094,12,Account and Personal-Information Inaccuracies,0.8581,False
14398363,3,FCRA 605B Identity-Theft Blocking Requests,1.0,False
14401990,-1,Outlier,0.0,True
14404589,10,Equifax Investigation Failures,0.7849,False
14404716,8,Debt Collection and Debt Validation,0.683,False
14404759,-1,Outlier,0.0,True
14407641,-1,Outlier,0.0,True
14409109,6,Identity Theft and Fraudulent Accounts,0.8178,False
14410325,3,FCRA 605B Identity-Theft Blocking Requests,1.0,False
14411170,8,Debt Collection and Debt Validation,0.9861,False
14414022,6,Identity Theft and Fraudulent Accounts,0.7976,False
14414604,6,Identity Theft and Fraudulent Accounts,1.0,False
14416760,2,General Credit-Report Inaccuracies,1.0,False
14420164,6,Identity Theft and Fraudulent Accounts,0.7692,False
14421408,-1,Outlier,0.0,True
14422397,-1,Outlier,0.0,True
14423179,3,FCRA 605B Identity-Theft Blocking Requests,1.0,False
14424687,6,Identity Theft and Fraudulent Accounts,1.0,False
14425229,8,Debt Collection and Debt Validation,0.8887,False
14425578,-1,Outlier,0.0,True
14426735,-1,Outlier,0.0,True
14431558,8,Debt Collection and Debt Validation,0.848,False
14432863,11,Multi-Bureau Reinvestigation Failures,1.0,False
14432881,-1,Outlier,0.0,True
14433978,8,Debt Collection and Debt Validation,1.0,False
14439376,-1,Outlier,0.0,True
14439662,-1,Outlier,0.0,True
14443976,-1,Outlier,0.0,True
14444945,3,FCRA 605B Identity-Theft Blocking Requests,1.0,False
14452788,6,Identity Theft and Fraudulent Accounts,1.0,False
14461346,8,Debt Collection and Debt Validation,0.6929,False
14462283,11,Multi-Bureau Reinvestigation Failures,0.9159,False
14462972,11,Multi-Bureau Reinvestigation Failures,0.9812,False
14463228,-1,Outlier,0.0,True
14463540,12,Account and Personal-Information Inaccuracies,1.0,False
14468625,11,Multi-Bureau Reinvestigation Failures,0.9603,False
14471535,9,Charge-Off and Account-Status Disputes,1.0,False
14471611,2,General Credit-Report Inaccuracies,1.0,False
14472089,12,Account and Personal-Information Inaccuracies,0.8301,False
14473836,4,Late-Payment Reporting Errors,0.9508,False
14475290,9,Charge-Off and Account-Status Disputes,0.9827,False
14476686,-1,Outlier,0.0,True
14477640,8,Debt Collection and Debt Validation,1.0,False
14477705,3,FCRA 605B Identity-Theft Blocking Requests,0.7387,False
14478719,1,Unauthorized Hard Credit Inquiries,1.0,False
14480176,-1,Outlier,0.0,True
14480417,10,Equifax Investigation Failures,0.9044,False
14481569,-1,Outlier,0.0,True
14481621,-1,Outlier,0.0,True
14484467,-1,Outlier,0.0,True
14486120,-1,Outlier,0.0,True
14488960,7,Auto Loan and Payment-History Disputes,1.0,False
14491516,8,Debt Collection and Debt Validation,1.0,False
14511582,-1,Outlier,0.0,True
14515089,8,Debt Collection and Debt Validation,0.9861,False
14519029,6,Identity Theft and Fraudulent Accounts,1.0,False
14529422,8,Debt Collection and Debt Validation,1.0,False
14531875,-1,Outlier,0.0,True
14532310,-1,Outlier,0.0,True
14533389,-1,Outlier,0.0,True
14536928,-1,Outlier,0.0,True
14537000,5,Failure to Remove Identity-Theft Accounts,1.0,False
14537524,4,Late-Payment Reporting Errors,1.0,False
14538183,8,Debt Collection and Debt Validation,1.0,False
14541558,12,Account and Personal-Information Inaccuracies,0.7864,False
14552705,-1,Outlier,0.0,True
14553194,6,Identity Theft and Fraudulent Accounts,0.982,False
14554437,-1,Outlier,0.0,True
14563767,-1,Outlier,0.0,True
14564058,11,Multi-Bureau Reinvestigation Failures,1.0,False
14564972,4,Late-Payment Reporting Errors,0.7179,False
14572738,-1,Outlier,0.0,True
14574401,5,Failure to Remove Identity-Theft Accounts,1.0,False
14581986,-1,Outlier,0.0,True
14585485,-1,Outlier,0.0,True
14587022,-1,Outlier,0.0,True
14588145,6,Identity Theft and Fraudulent Accounts,1.0,False
14596023,1,Unauthorized Hard Credit Inquiries,1.0,False
14597286,-1,Outlier,0.0,True
14599203,11,Multi-Bureau Reinvestigation Failures,1.0,False
14599614,-1,Outlier,0.0,True
14600030,-1,Outlier,0.0,True
14600575,1,Unauthorized Hard Credit Inquiries,0.5679,False
14606240,6,Identity Theft and Fraudulent Accounts,0.9755,False
14607768,-1,Outlier,0.0,True
14608952,-1,Outlier,0.0,True
14613256,9,Charge-Off and Account-Status Disputes,1.0,False
14615891,-1,Outlier,0.0,True
14619036,3,FCRA 605B Identity-Theft Blocking Requests,1.0,False
14619241,-1,Outlier,0.0,True
14620189,4,Late-Payment Reporting Errors,0.9683,False
14622151,0,FCRA Privacy and Permissible-Purpose Violations,0.6548,False
14624728,-1,Outlier,0.0,True
14628778,12,Account and Personal-Information Inaccuracies,0.7724,False
14637908,-1,Outlier,0.0,True
14638618,4,Late-Payment Reporting Errors,1.0,False
14639923,4,Late-Payment Reporting Errors,0.6724,False
14642131,0,FCRA Privacy and Permissible-Purpose Violations,1.0,False
14642499,-1,Outlier,0.0,True
14646959,-1,Outlier,0.0,True
14651158,6,Identity Theft and Fraudulent Accounts,1.0,False
14651649,12,Account and Personal-Information Inaccuracies,0.8807,False
14657640,6,Identity Theft and Fraudulent Accounts,0.9755,False
14660265,11,Multi-Bureau Reinvestigation Failures,1.0,False
14664357,-1,Outlier,0.0,True
14665341,6,Identity Theft and Fraudulent Accounts,1.0,False
14670934,-1,Outlier,0.0,True
14672736,-1,Outlier,0.0,True
14676073,4,Late-Payment Reporting Errors,0.8383,False
14679149,-1,Outlier,0.0,True
14681983,-1,Outlier,0.0,True
14685008,8,Debt Collection and Debt Validation,0.6071,False
14685433,0,FCRA Privacy and Permissible-Purpose Violations,1.0,False
14685666,8,Debt Collection and Debt Validation,0.7508,False
14687150,6,Identity Theft and Fraudulent Accounts,1.0,False
14694578,-1,Outlier,0.0,True
14702241,0,FCRA Privacy and Permissible-Purpose Violations,1.0,False
14702242,11,Multi-Bureau Reinvestigation Failures,0.9812,False
14703345,12,Account and Personal-Information Inaccuracies,0.8345,False
14703604,4,Late-Payment Reporting Errors,0.7171,False
14705071,0,FCRA Privacy and Permissible-Purpose Violations,1.0,False
14705132,2,General Credit-Report Inaccuracies,1.0,False
14706247,11,Multi-Bureau Reinvestigation Failures,0.911,False
14713509,6,Identity Theft and Fraudulent Accounts,0.813,False
14723026,11,Multi-Bureau Reinvestigation Failures,1.0,False
14725082,6,Identity Theft and Fraudulent Accounts,1.0,False
14726569,8,Debt Collection and Debt Validation,0.8572,False
14727031,2,General Credit-Report Inaccuracies,0.9472,False
14727502,-1,Outlier,0.0,True
14729672,6,Identity Theft and Fraudulent Accounts,0.9379,False
14731532,6,Identity Theft and Fraudulent Accounts,1.0,False
14733908,1,Unauthorized Hard Credit Inquiries,0.9382,False
14734906,-1,Outlier,0.0,True
14734990,4,Late-Payment Reporting Errors,0.7055,False
14735072,-1,Outlier,0.0,True
14735360,5,Failure to Remove Identity-Theft Accounts,1.0,False
14735708,-1,Outlier,0.0,True
14736686,1,Unauthorized Hard Credit Inquiries,0.6305,False
14740018,8,Debt Collection and Debt Validation,0.9202,False
14747256,6,Identity Theft and Fraudulent Accounts,1.0,False
14751470,11,Multi-Bureau Reinvestigation Failures,1.0,False
14753204,-1,Outlier,0.0,True
14757749,8,Debt Collection and Debt Validation,1.0,False
14759769,-1,Outlier,0.0,True
14761951,8,Debt Collection and Debt Validation,1.0,False
14762915,4,Late-Payment Reporting Errors,0.5814,False
14768085,7,Auto Loan and Payment-History Disputes,1.0,False
14771736,6,Identity Theft and Fraudulent Accounts,0.9316,False
14774246,-1,Outlier,0.0,True
14777570,-1,Outlier,0.0,True
14777650,-1,Outlier,0.0,True
14778690,12,Account and Personal-Information Inaccuracies,0.8807,False
14779462,-1,Outlier,0.0,True
14781060,-1,Outlier,0.0,True
14784564,1,Unauthorized Hard Credit Inquiries,0.9382,False
14787662,10,Equifax Investigation Failures,1.0,False
14788611,-1,Outlier,0.0,True
14789378,-1,Outlier,0.0,True
14790848,6,Identity Theft and Fraudulent Accounts,0.8896,False
14794518,2,General Credit-Report Inaccuracies,0.9472,False
14795266,-1,Outlier,0.0,True
14796506,-1,Outlier,0.0,True
14797334,11,Multi-Bureau Reinvestigation Failures,0.968,False
14798024,-1,Outlier,0.0,True
14799945,1,Unauthorized Hard Credit Inquiries,1.0,False
14801974,7,Auto Loan and Payment-History Disputes,1.0,False
14803479,-1,Outlier,0.0,True
14810111,2,General Credit-Report Inaccuracies,1.0,False
14811172,-1,Outlier,0.0,True
14811490,12,Account and Personal-Information Inaccuracies,0.8345,False
14815084,-1,Outlier,0.0,True
14815338,-1,Outlier,0.0,True
14817559,8,Debt Collection and Debt Validation,0.8542,False
14818392,-1,Outlier,0.0,True
14818673,11,Multi-Bureau Reinvestigation Failures,0.9812,False
14818846,11,Multi-Bureau Reinvestigation Failures,0.9752,False
14818893,-1,Outlier,0.0,True
14819300,11,Multi-Bureau Reinvestigation Failures,0.9812,False
14821242,-1,Outlier,0.0,True
14821324,7,Auto Loan and Payment-History Disputes,0.9764,False
14821670,-1,Outlier,0.0,True
14824613,4,Late-Payment Reporting Errors,0.878,False
14824964,6,Identity Theft and Fraudulent Accounts,0.9339,False
14828557,1,Unauthorized Hard Credit Inquiries,0.563,False
14830324,-1,Outlier,0.0,True
14830606,3,FCRA 605B Identity-Theft Blocking Requests,0.8242,False
14831091,12,Account and Personal-Information Inaccuracies,0.8345,False
14831685,6,Identity Theft and Fraudulent Accounts,0.9295,False
14836243,3,FCRA 605B Identity-Theft Blocking Requests,1.0,False
14840318,-1,Outlier,0.0,True
14851500,6,Identity Theft and Fraudulent Accounts,1.0,False
14851730,-1,Outlier,0.0,True
14852964,-1,Outlier,0.0,True
14856766,-1,Outlier,0.0,True
14857473,11,Multi-Bureau Reinvestigation Failures,0.9812,False
14859170,-1,Outlier,0.0,True
14863228,-1,Outlier,0.0,True
14865802,-1,Outlier,0.0,True
14871215,12,Account and Personal-Information Inaccuracies,0.8393,False
14871578,3,FCRA 605B Identity-Theft Blocking Requests,1.0,False
14872094,6,Identity Theft and Fraudulent Accounts,1.0,False
14872447,9,Charge-Off and Account-Status Disputes,0.9896,False
14878346,9,Charge-Off and Account-Status Disputes,1.0,False
14879024,1,Unauthorized Hard Credit Inquiries,1.0,False
14882478,-1,Outlier,0.0,True
14883732,-1,Outlier,0.0,True
14883749,-1,Outlier,0.0,True
14883775,9,Charge-Off and Account-Status Disputes,1.0,False
14885201,12,Account and Personal-Information Inaccuracies,0.7769,False
14885687,11,Multi-Bureau Reinvestigation Failures,1.0,False
14886256,-1,Outlier,0.0,True
14895603,4,Late-Payment Reporting Errors,0.7026,False
14896763,-1,Outlier,0.0,True
14896977,-1,Outlier,0.0,True
14897714,-1,Outlier,0.0,True
14899047,-1,Outlier,0.0,True
14902003,11,Multi-Bureau Reinvestigation Failures,0.9215,False
14903289,2,General Credit-Report Inaccuracies,0.9472,False
14903516,7,Auto Loan and Payment-History Disputes,1.0,False
14903895,0,FCRA Privacy and Permissible-Purpose Violations,1.0,False
14904348,-1,Outlier,0.0,True
14905568,0,FCRA Privacy and Permissible-Purpose Violations,1.0,False
14909822,-1,Outlier,0.0,True
14910256,-1,Outlier,0.0,True
14910452,-1,Outlier,0.0,True
14910880,-1,Outlier,0.0,True
14913856,12,Account and Personal-Information Inaccuracies,0.8488,False
14916631,6,Identity Theft and Fraudulent Accounts,1.0,False
14919226,-1,Outlier,0.0,True
14923612,11,Multi-Bureau Reinvestigation Failures,0.9084,False
14927933,6,Identity Theft and Fraudulent Accounts,0.7734,False
14929405,-1,Outlier,0.0,True
14931584,6,Identity Theft and Fraudulent Accounts,0.852,False
14931695,6,Identity Theft and Fraudulent Accounts,0.9295,False
14938436,-1,Outlier,0.0,True
14939817,8,Debt Collection and Debt Validation,0.8028,False
14941261,9,Charge-Off and Account-Status Disputes,0.8919,False
14941292,-1,Outlier,0.0,True
14943996,-1,Outlier,0.0,True
14947463,1,Unauthorized Hard Credit Inquiries,0.7225,False
14948085,12,Account and Personal-Information Inaccuracies,1.0,False
14949706,5,Failure to Remove Identity-Theft Accounts,1.0,False
14950102,-1,Outlier,0.0,True
14950274,3,FCRA 605B Identity-Theft Blocking Requests,1.0,False
14950730,6,Identity Theft and Fraudulent Accounts,0.9535,False
14951133,7,Auto Loan and Payment-History Disputes,1.0,False
14951911,10,Equifax Investigation Failures,1.0,False
14951987,8,Debt Collection and Debt Validation,1.0,False
14954991,9,Charge-Off and Account-Status Disputes,0.8959,False
14956832,12,Account and Personal-Information Inaccuracies,0.7864,False
14958508,-1,Outlier,0.0,True
14961359,6,Identity Theft and Fraudulent Accounts,0.8509,False
14964932,-1,Outlier,0.0,True
14965245,-1,Outlier,0.0,True
14971212,12,Account and Personal-Information Inaccuracies,0.8131,False
14972600,6,Identity Theft and Fraudulent Accounts,0.9755,False
14974308,-1,Outlier,0.0,True
14976034,-1,Outlier,0.0,True
14983049,-1,Outlier,0.0,True
14984650,1,Unauthorized Hard Credit Inquiries,0.593,False
14985701,6,Identity Theft and Fraudulent Accounts,1.0,False
14986403,11,Multi-Bureau Reinvestigation Failures,1.0,False
14989611,6,Identity Theft and Fraudulent Accounts,1.0,False
14990084,8,Debt Collection and Debt Validation,1.0,False
14990318,4,Late-Payment Reporting Errors,1.0,False
14991012,11,Multi-Bureau Reinvestigation Failures,0.968,False
14995830,-1,Outlier,0.0,True
14996270,11,Multi-Bureau Reinvestigation Failures,1.0,False
14998666,4,Late-Payment Reporting Errors,1.0,False
14998742,1,Unauthorized Hard Credit Inquiries,0.4699,False
14999692,9,Charge-Off and Account-Status Disputes,1.0,False
15003953,4,Late-Payment Reporting Errors,0.7751,False
15003975,-1,Outlier,0.0,True
15004126,11,Multi-Bureau Reinvestigation Failures,1.0,False
15005596,-1,Outlier,0.0,True
15006447,6,Identity Theft and Fraudulent Accounts,0.8534,False
15007747,1,Unauthorized Hard Credit Inquiries,0.7224,False
15007796,-1,Outlier,0.0,True
15009189,-1,Outlier,0.0,True
15009221,5,Failure to Remove Identity-Theft Accounts,1.0,False
15011626,12,Account and Personal-Information Inaccuracies,1.0,False
15017425,4,Late-Payment Reporting Errors,1.0,False
15019318,8,Debt Collection and Debt Validation,0.9797,False
15019606,-1,Outlier,0.0,True
15021281,-1,Outlier,0.0,True
15021600,6,Identity Theft and Fraudulent Accounts,0.9295,False
15022066,8,Debt Collection and Debt Validation,0.9861,False
15024957,6,Identity Theft and Fraudulent Accounts,1.0,False
15025186,-1,Outlier,0.0,True
15025465,-1,Outlier,0.0,True
15025751,6,Identity Theft and Fraudulent Accounts,0.936,False
15026586,4,Late-Payment Reporting Errors,1.0,False
15026946,-1,Outlier,0.0,True
15027552,-1,Outlier,0.0,True
15028371,9,Charge-Off and Account-Status Disputes,0.9664,False
15028500,8,Debt Collection and Debt Validation,1.0,False
15028975,4,Late-Payment Reporting Errors,0.9458,False
15031568,10,Equifax Investigation Failures,1.0,False
15032220,-1,Outlier,0.0,True
15036259,6,Identity Theft and Fraudulent Accounts,0.9755,False
15036566,-1,Outlier,0.0,True
15038624,-1,Outlier,0.0,True
15047476,-1,Outlier,0.0,True
15048761,-1,Outlier,0.0,True
15054909,-1,Outlier,0.0,True
15054997,-1,Outlier,0.0,True
15055812,-1,Outlier,0.0,True
15058887,11,Multi-Bureau Reinvestigation Failures,0.968,False
15058968,-1,Outlier,0.0,True
15059533,-1,Outlier,0.0,True
15060430,8,Debt Collection and Debt Validation,1.0,False
15063224,7,Auto Loan and Payment-History Disputes,1.0,False
15064781,9,Charge-Off and Account-Status Disputes,0.8847,False
15066599,12,Account and Personal-Information Inaccuracies,0.8581,False
15068647,-1,Outlier,0.0,True
15069086,8,Debt Collection and Debt Validation,0.8843,False
15074902,12,Account and Personal-Information Inaccuracies,0.7791,False
15075301,-1,Outlier,0.0,True
15083892,10,Equifax Investigation Failures,1.0,False
15084767,6,Identity Theft and Fraudulent Accounts,1.0,False
15086712,1,Unauthorized Hard Credit Inquiries,0.4514,False
15088776,-1,Outlier,0.0,True
15089282,6,Identity Theft and Fraudulent Accounts,0.9295,False
15090933,7,Auto Loan and Payment-History Disputes,1.0,False
15093952,-1,Outlier,0.0,True
15097089,12,Account and Personal-Information Inaccuracies,0.8581,False
15097617,6,Identity Theft and Fraudulent Accounts,1.0,False
15097813,-1,Outlier,0.0,True
15100480,-1,Outlier,0.0,True
15100845,-1,Outlier,0.0,True
15101205,11,Multi-Bureau Reinvestigation Failures,0.9812,False
15101878,4,Late-Payment Reporting Errors,0.5697,False
15108563,-1,Outlier,0.0,True
15108597,6,Identity Theft and Fraudulent Accounts,0.9755,False
15108985,12,Account and Personal-Information Inaccuracies,0.8345,False
15110522,1,Unauthorized Hard Credit Inquiries,1.0,False
15110789,1,Unauthorized Hard Credit Inquiries,0.4734,False
15111546,2,General Credit-Report Inaccuracies,1.0,False
15113610,11,Multi-Bureau Reinvestigation Failures,0.9554,False
15115455,-1,Outlier,0.0,True
15117031,2,General Credit-Report Inaccuracies,1.0,False
15118174,-1,Outlier,0.0,True
15118468,6,Identity Theft and Fraudulent Accounts,0.9648,False
15118566,10,Equifax Investigation Failures,1.0,False
15120442,-1,Outlier,0.0,True
15120904,12,Account and Personal-Information Inaccuracies,0.8568,False
15123214,-1,Outlier,0.0,True
15123293,6,Identity Theft and Fraudulent Accounts,0.9755,False
15125169,-1,Outlier,0.0,True
15125431,5,Failure to Remove Identity-Theft Accounts,1.0,False
15126755,2,General Credit-Report Inaccuracies,0.9472,False
15136527,-1,Outlier,0.0,True
15137975,-1,Outlier,0.0,True
15138520,-1,Outlier,0.0,True
15138903,9,Charge-Off and Account-Status Disputes,0.8836,False
15139925,1,Unauthorized Hard Credit Inquiries,1.0,False
15146270,4,Late-Payment Reporting Errors,0.7171,False
15147209,0,FCRA Privacy and Permissible-Purpose Violations,1.0,False
15147256,-1,Outlier,0.0,True
15149530,1,Unauthorized Hard Credit Inquiries,0.4342,False
15149616,6,Identity Theft and Fraudulent Accounts,0.9755,False
15150660,-1,Outlier,0.0,True
15151241,7,Auto Loan and Payment-History Disputes,1.0,False
15153016,11,Multi-Bureau Reinvestigation Failures,0.9812,False
15154428,4,Late-Payment Reporting Errors,0.574,False
15155736,6,Identity Theft and Fraudulent Accounts,0.8989,False
15157571,6,Identity Theft and Fraudulent Accounts,0.8762,False
15159546,6,Identity Theft and Fraudulent Accounts,1.0,False
15159751,4,Late-Payment Reporting Errors,0.7131,False
15160853,-1,Outlier,0.0,True
15162789,5,Failure to Remove Identity-Theft Accounts,1.0,False
15163258,2,General Credit-Report Inaccuracies,1.0,False
15164335,8,Debt Collection and Debt Validation,0.922,False
15164725,8,Debt Collection and Debt Validation,0.636,False
15165600,-1,Outlier,0.0,True
15165649,-1,Outlier,0.0,True
15167591,-1,Outlier,0.0,True
15167807,6,Identity Theft and Fraudulent Accounts,0.89,False
15168945,6,Identity Theft and Fraudulent Accounts,0.9755,False
15170654,8,Debt Collection and Debt Validation,0.757,False
15173402,5,Failure to Remove Identity-Theft Accounts,1.0,False
15173760,6,Identity Theft and Fraudulent Accounts,0.9755,False
15175108,-1,Outlier,0.0,True
15178629,5,Failure to Remove Identity-Theft Accounts,1.0,False
15178990,-1,Outlier,0.0,True
15181731,-1,Outlier,0.0,True
15181765,6,Identity Theft and Fraudulent Accounts,1.0,False
15185220,-1,Outlier,0.0,True
15186469,-1,Outlier,0.0,True
15187184,6,Identity Theft and Fraudulent Accounts,1.0,False
15188291,4,Late-Payment Reporting Errors,0.7316,False
15189506,-1,Outlier,0.0,True
15189754,-1,Outlier,0.0,True
15190214,-1,Outlier,0.0,True
15194369,3,FCRA 605B Identity-Theft Blocking Requests,1.0,False
15195274,6,Identity Theft and Fraudulent Accounts,0.9976,False
15195344,4,Late-Payment Reporting Errors,0.6236,False
15195411,-1,Outlier,0.0,True
15195530,-1,Outlier,0.0,True
15195576,3,FCRA 605B Identity-Theft Blocking Requests,0.6772,False
15195866,6,Identity Theft and Fraudulent Accounts,1.0,False
15196076,4,Late-Payment Reporting Errors,1.0,False
15204948,12,Account and Personal-Information Inaccuracies,0.8098,False
15205014,2,General Credit-Report Inaccuracies,0.9419,False
15205664,11,Multi-Bureau Reinvestigation Failures,1.0,False
15206463,11,Multi-Bureau Reinvestigation Failures,1.0,False
15207581,8,Debt Collection and Debt Validation,0.9861,False
15208182,-1,Outlier,0.0,True
15213054,6,Identity Theft and Fraudulent Accounts,1.0,False
15213542,4,Late-Payment Reporting Errors,0.6277,False
15215103,4,Late-Payment Reporting Errors,0.6495,False
15215259,4,Late-Payment Reporting Errors,0.6687,False
15219776,9,Charge-Off and Account-Status Disputes,1.0,False
15222393,6,Identity Theft and Fraudulent Accounts,0.8698,False
15228476,-1,Outlier,0.0,True
15228543,-1,Outlier,0.0,True
15233148,5,Failure to Remove Identity-Theft Accounts,1.0,False
15234601,4,Late-Payment Reporting Errors,0.9272,False
15234794,-1,Outlier,0.0,True
15235906,12,Account and Personal-Information Inaccuracies,0.8581,False
15236440,8,Debt Collection and Debt Validation,0.7246,False
15238570,-1,Outlier,0.0,True
15245509,10,Equifax Investigation Failures,0.9544,False
15249474,12,Account and Personal-Information Inaccuracies,1.0,False
15253982,11,Multi-Bureau Reinvestigation Failures,0.9115,False
15254835,9,Charge-Off and Account-Status Disputes,1.0,False
15255646,9,Charge-Off and Account-Status Disputes,0.8584,False
15255793,2,General Credit-Report Inaccuracies,0.9472,False
15264252,4,Late-Payment Reporting Errors,0.5782,False
15264778,8,Debt Collection and Debt Validation,0.8236,False
15267727,1,Unauthorized Hard Credit Inquiries,0.9382,False
15269293,-1,Outlier,0.0,True
15271119,9,Charge-Off and Account-Status Disputes,1.0,False
15277727,-1,Outlier,0.0,True
15278212,6,Identity Theft and Fraudulent Accounts,0.8664,False
15279560,-1,Outlier,0.0,True
15280260,7,Auto Loan and Payment-History Disputes,1.0,False
15280748,-1,Outlier,0.0,True
15284756,12,Account and Personal-Information Inaccuracies,0.798,False
15291471,-1,Outlier,0.0,True
15293226,-1,Outlier,0.0,True
15296518,11,Multi-Bureau Reinvestigation Failures,0.968,False
15304181,-1,Outlier,0.0,True
15304367,7,Auto Loan and Payment-History Disputes,1.0,False
15304779,8,Debt Collection and Debt Validation,0.7829,False
15309772,10,Equifax Investigation Failures,0.9597,False
15310980,11,Multi-Bureau Reinvestigation Failures,0.9556,False
15312141,4,Late-Payment Reporting Errors,0.7764,False
15312305,-1,Outlier,0.0,True
15312800,6,Identity Theft and Fraudulent Accounts,0.9056,False
15317924,6,Identity Theft and Fraudulent Accounts,1.0,False
15319560,-1,Outlier,0.0,True
15329025,7,Auto Loan and Payment-History Disputes,1.0,False
15329501,11,Multi-Bureau Reinvestigation Failures,1.0,False
15331098,-1,Outlier,0.0,True
15331713,-1,Outlier,0.0,True
15335556,11,Multi-Bureau Reinvestigation Failures,0.9683,False
15337267,-1,Outlier,0.0,True
15341775,6,Identity Theft and Fraudulent Accounts,1.0,False
15342781,-1,Outlier,0.0,True
15346487,7,Auto Loan and Payment-History Disputes,1.0,False
15347495,9,Charge-Off and Account-Status Disputes,0.8221,False
15348116,6,Identity Theft and Fraudulent Accounts,0.8601,False
15348148,-1,Outlier,0.0,True
15349874,8,Debt Collection and Debt Validation,0.9331,False
15349931,-1,Outlier,0.0,True
15350880,7,Auto Loan and Payment-History Disputes,1.0,False
15353736,-1,Outlier,0.0,True
15354189,-1,Outlier,0.0,True
15365853,5,Failure to Remove Identity-Theft Accounts,1.0,False
15370062,9,Charge-Off and Account-Status Disputes,1.0,False
15377065,2,General Credit-Report Inaccuracies,1.0,False
15377616,2,General Credit-Report Inaccuracies,0.9472,False
15379717,0,FCRA Privacy and Permissible-Purpose Violations,0.8207,False
15379736,6,Identity Theft and Fraudulent Accounts,0.9295,False
15382286,-1,Outlier,0.0,True
15385327,5,Failure to Remove Identity-Theft Accounts,1.0,False
15390575,-1,Outlier,0.0,True
15392460,-1,Outlier,0.0,True
15396766,-1,Outlier,0.0,True
15397507,-1,Outlier,0.0,True
15404485,-1,Outlier,0.0,True
15405086,-1,Outlier,0.0,True
15405896,10,Equifax Investigation Failures,1.0,False
15406494,-1,Outlier,0.0,True
15409921,5,Failure to Remove Identity-Theft Accounts,1.0,False
15409955,1,Unauthorized Hard Credit Inquiries,0.7017,False
15412289,-1,Outlier,0.0,True
15418225,9,Charge-Off and Account-Status Disputes,0.9987,False
15419536,6,Identity Theft and Fraudulent Accounts,1.0,False
15419751,-1,Outlier,0.0,True
15427017,-1,Outlier,0.0,True
15427119,-1,Outlier,0.0,True
15428979,12,Account and Personal-Information Inaccuracies,0.8581,False
15431948,4,Late-Payment Reporting Errors,0.9747,False
15434218,10,Equifax Investigation Failures,1.0,False
15435612,-1,Outlier,0.0,True
15439334,2,General Credit-Report Inaccuracies,1.0,False
15440484,-1,Outlier,0.0,True
15445871,2,General Credit-Report Inaccuracies,1.0,False
15447234,4,Late-Payment Reporting Errors,0.8701,False
15447541,1,Unauthorized Hard Credit Inquiries,0.6965,False
15449717,0,FCRA Privacy and Permissible-Purpose Violations,1.0,False
15453898,-1,Outlier,0.0,True
15454492,-1,Outlier,0.0,True
15457090,-1,Outlier,0.0,True
15457774,8,Debt Collection and Debt Validation,0.9062,False
15461138,-1,Outlier,0.0,True
15464082,-1,Outlier,0.0,True
15468033,-1,Outlier,0.0,True
15471220,-1,Outlier,0.0,True
15475201,8,Debt Collection and Debt Validation,1.0,False
15475458,-1,Outlier,0.0,True
15477699,8,Debt Collection and Debt Validation,0.7128,False
15477783,6,Identity Theft and Fraudulent Accounts,0.9295,False
15477901,3,FCRA 605B Identity-Theft Blocking Requests,1.0,False
15479460,-1,Outlier,0.0,True
15484427,12,Account and Personal-Information Inaccuracies,1.0,False
15484880,-1,Outlier,0.0,True
15487294,-1,Outlier,0.0,True
15487492,-1,Outlier,0.0,True
15488127,9,Charge-Off and Account-Status Disputes,0.8641,False
15495279,6,Identity Theft and Fraudulent Accounts,1.0,False
15499242,2,General Credit-Report Inaccuracies,1.0,False
15504414,8,Debt Collection and Debt Validation,1.0,False
15507631,4,Late-Payment Reporting Errors,0.6118,False
15509416,7,Auto Loan and Payment-History Disputes,1.0,False
15514958,-1,Outlier,0.0,True
15520936,4,Late-Payment Reporting Errors,0.7873,False
15524554,-1,Outlier,0.0,True
15531520,-1,Outlier,0.0,True
15536635,-1,Outlier,0.0,True
15540073,5,Failure to Remove Identity-Theft Accounts,1.0,False
15542426,7,Auto Loan and Payment-History Disputes,1.0,False
15546792,-1,Outlier,0.0,True
15550220,12,Account and Personal-Information Inaccuracies,0.8159,False
15559341,-1,Outlier,0.0,True
15559757,1,Unauthorized Hard Credit Inquiries,1.0,False
15568996,1,Unauthorized Hard Credit Inquiries,0.9382,False
15570016,8,Debt Collection and Debt Validation,1.0,False
15577547,9,Charge-Off and Account-Status Disputes,0.9096,False
15583667,4,Late-Payment Reporting Errors,0.8087,False
15594246,8,Debt Collection and Debt Validation,0.8055,False
15594456,7,Auto Loan and Payment-History Disputes,0.9889,False
15594553,2,General Credit-Report Inaccuracies,1.0,False
15599485,6,Identity Theft and Fraudulent Accounts,1.0,False
15601434,-1,Outlier,0.0,True
15604777,1,Unauthorized Hard Credit Inquiries,1.0,False
15605163,10,Equifax Investigation Failures,1.0,False
15608652,4,Late-Payment Reporting Errors,0.6626,False
15619879,10,Equifax Investigation Failures,1.0,False
15627075,8,Debt Collection and Debt Validation,0.9861,False
15628797,-1,Outlier,0.0,True
15633151,1,Unauthorized Hard Credit Inquiries,1.0,False
15637562,-1,Outlier,0.0,True
15642936,-1,Outlier,0.0,True
15645518,5,Failure to Remove Identity-Theft Accounts,1.0,False
15646345,4,Late-Payment Reporting Errors,1.0,False
15658301,8,Debt Collection and Debt Validation,1.0,False
15660286,3,FCRA 605B Identity-Theft Blocking Requests,1.0,False
15660429,12,Account and Personal-Information Inaccuracies,1.0,False
15669818,-1,Outlier,0.0,True
15679709,-1,Outlier,0.0,True
15683248,-1,Outlier,0.0,True
15685931,4,Late-Payment Reporting Errors,0.6656,False
15686117,0,FCRA Privacy and Permissible-Purpose Violations,1.0,False
15686480,4,Late-Payment Reporting Errors,1.0,False
15686532,-1,Outlier,0.0,True
15688714,-1,Outlier,0.0,True
15702452,4,Late-Payment Reporting Errors,0.7171,False
15707490,12,Account and Personal-Information Inaccuracies,1.0,False
15719131,-1,Outlier,0.0,True
15735225,-1,Outlier,0.0,True
15736013,11,Multi-Bureau Reinvestigation Failures,1.0,False
15738150,2,General Credit-Report Inaccuracies,1.0,False
15747026,4,Late-Payment Reporting Errors,1.0,False
15755259,5,Failure to Remove Identity-Theft Accounts,1.0,False
15759332,11,Multi-Bureau Reinvestigation Failures,1.0,False
15759477,-1,Outlier,0.0,True
15761532,6,Identity Theft and Fraudulent Accounts,0.9295,False
15766651,6,Identity Theft and Fraudulent Accounts,0.7912,False
15767057,12,Account and Personal-Information Inaccuracies,0.9633,False
15771757,6,Identity Theft and Fraudulent Accounts,0.9568,False
15773366,4,Late-Payment Reporting Errors,1.0,False
15774758,10,Equifax Investigation Failures,1.0,False
15776130,-1,Outlier,0.0,True
15777199,8,Debt Collection and Debt Validation,0.901,False
15777586,5,Failure to Remove Identity-Theft Accounts,1.0,False
15778122,-1,Outlier,0.0,True
15787020,-1,Outlier,0.0,True
15787555,-1,Outlier,0.0,True
15791449,6,Identity Theft and Fraudulent Accounts,1.0,False
15796179,3,FCRA 605B Identity-Theft Blocking Requests,1.0,False
15802642,8,Debt Collection and Debt Validation,0.6758,False
15809398,-1,Outlier,0.0,True
15821259,-1,Outlier,0.0,True
15821919,2,General Credit-Report Inaccuracies,0.9464,False
15822213,2,General Credit-Report Inaccuracies,1.0,False
15822368,-1,Outlier,0.0,True
15825882,-1,Outlier,0.0,True
15834700,11,Multi-Bureau Reinvestigation Failures,0.9482,False
15837722,1,Unauthorized Hard Credit Inquiries,1.0,False
15837894,2,General Credit-Report Inaccuracies,1.0,False
15838920,-1,Outlier,0.0,True
15847272,4,Late-Payment Reporting Errors,1.0,False
15859150,-1,Outlier,0.0,True
15861951,-1,Outlier,0.0,True
15864882,-1,Outlier,0.0,True
15869122,1,Unauthorized Hard Credit Inquiries,0.7025,False
15877359,-1,Outlier,0.0,True
15879307,6,Identity Theft and Fraudulent Accounts,0.9336,False
15884638,-1,Outlier,0.0,True
15886959,6,Identity Theft and Fraudulent Accounts,0.9165,False
15898634,7,Auto Loan and Payment-History Disputes,1.0,False
15900247,-1,Outlier,0.0,True
15907547,-1,Outlier,0.0,True
15909394,11,Multi-Bureau Reinvestigation Failures,0.9812,False
15919624,11,Multi-Bureau Reinvestigation Failures,1.0,False
15922039,-1,Outlier,0.0,True
15926521,6,Identity Theft and Fraudulent Accounts,0.9452,False
15927554,5,Failure to Remove Identity-Theft Accounts,1.0,False
15927722,-1,Outlier,0.0,True
15930765,-1,Outlier,0.0,True
15931743,-1,Outlier,0.0,True
15934528,8,Debt Collection and Debt Validation,0.6693,False
15938349,6,Identity Theft and Fraudulent Accounts,0.8267,False
15940895,6,Identity Theft and Fraudulent Accounts,1.0,False
15941087,1,Unauthorized Hard Credit Inquiries,0.7453,False
15942906,8,Debt Collection and Debt Validation,1.0,False
15943351,12,Account and Personal-Information Inaccuracies,1.0,False
15943928,6,Identity Theft and Fraudulent Accounts,1.0,False
15948203,6,Identity Theft and Fraudulent Accounts,1.0,False
15948269,-1,Outlier,0.0,True
15963121,-1,Outlier,0.0,True
15985733,0,FCRA Privacy and Permissible-Purpose Violations,1.0,False
15989235,6,Identity Theft and Fraudulent Accounts,0.8095,False
15995630,0,FCRA Privacy and Permissible-Purpose Violations,1.0,False
15997659,-1,Outlier,0.0,True
16004455,8,Debt Collection and Debt Validation,0.8532,False
16007411,-1,Outlier,0.0,True
16007595,7,Auto Loan and Payment-History Disputes,0.9886,False
16010874,-1,Outlier,0.0,True
16012179,5,Failure to Remove Identity-Theft Accounts,1.0,False
16014095,9,Charge-Off and Account-Status Disputes,1.0,False
16020503,6,Identity Theft and Fraudulent Accounts,0.7902,False
16028291,7,Auto Loan and Payment-History Disputes,0.989,False
16031401,11,Multi-Bureau Reinvestigation Failures,0.968,False
16032160,-1,Outlier,0.0,True
16037036,12,Account and Personal-Information Inaccuracies,0.8581,False
16053645,1,Unauthorized Hard Credit Inquiries,0.9382,False
16054910,-1,Outlier,0.0,True
16058441,3,FCRA 605B Identity-Theft Blocking Requests,1.0,False
16063482,12,Account and Personal-Information Inaccuracies,0.7866,False
16064927,-1,Outlier,0.0,True
16064934,7,Auto Loan and Payment-History Disputes,0.9718,False
16067111,2,General Credit-Report Inaccuracies,1.0,False
16073262,1,Unauthorized Hard Credit Inquiries,0.6198,False
16073398,-1,Outlier,0.0,True
16074220,-1,Outlier,0.0,True
16076191,1,Unauthorized Hard Credit Inquiries,0.9729,False
16076959,-1,Outlier,0.0,True
16077594,-1,Outlier,0.0,True
16079243,-1,Outlier,0.0,True
16093629,-1,Outlier,0.0,True
16095823,0,FCRA Privacy and Permissible-Purpose Violations,1.0,False
16096492,-1,Outlier,0.0,True
16096530,5,Failure to Remove Identity-Theft Accounts,1.0,False
16096959,9,Charge-Off and Account-Status Disputes,1.0,False
16099600,11,Multi-Bureau Reinvestigation Failures,1.0,False
16100287,4,Late-Payment Reporting Errors,0.6108,False
16101572,3,FCRA 605B Identity-Theft Blocking Requests,0.9402,False
16102421,-1,Outlier,0.0,True
16102583,-1,Outlier,0.0,True
16103559,6,Identity Theft and Fraudulent Accounts,1.0,False
16104237,-1,Outlier,0.0,True
16104247,-1,Outlier,0.0,True
16109420,2,General Credit-Report Inaccuracies,1.0,False
16113395,-1,Outlier,0.0,True
16113942,5,Failure to Remove Identity-Theft Accounts,1.0,False
16114733,9,Charge-Off and Account-Status Disputes,0.8652,False
16115663,-1,Outlier,0.0,True
16118003,12,Account and Personal-Information Inaccuracies,0.8861,False
16118598,-1,Outlier,0.0,True
16120235,6,Identity Theft and Fraudulent Accounts,0.9964,False
16120424,0,FCRA Privacy and Permissible-Purpose Violations,1.0,False
16121677,-1,Outlier,0.0,True
16121982,-1,Outlier,0.0,True
16123444,-1,Outlier,0.0,True
16130470,11,Multi-Bureau Reinvestigation Failures,0.9812,False
16131985,4,Late-Payment Reporting Errors,0.7171,False
16132258,5,Failure to Remove Identity-Theft Accounts,1.0,False
16136642,-1,Outlier,0.0,True
16137577,-1,Outlier,0.0,True
16138784,4,Late-Payment Reporting Errors,0.7796,False
16139409,-1,Outlier,0.0,True
16140269,11,Multi-Bureau Reinvestigation Failures,1.0,False
16142423,9,Charge-Off and Account-Status Disputes,1.0,False
16144314,11,Multi-Bureau Reinvestigation Failures,0.9874,False
16156253,4,Late-Payment Reporting Errors,0.9648,False
16158780,6,Identity Theft and Fraudulent Accounts,1.0,False
16160593,2,General Credit-Report Inaccuracies,1.0,False
16160709,4,Late-Payment Reporting Errors,0.656,False
16168730,-1,Outlier,0.0,True
16169125,-1,Outlier,0.0,True
16170625,11,Multi-Bureau Reinvestigation Failures,1.0,False
16180850,4,Late-Payment Reporting Errors,0.6513,False
16188273,6,Identity Theft and Fraudulent Accounts,1.0,False
16192289,-1,Outlier,0.0,True
16196143,1,Unauthorized Hard Credit Inquiries,0.6238,False
16196771,6,Identity Theft and Fraudulent Accounts,1.0,False
16200716,6,Identity Theft and Fraudulent Accounts,0.9474,False
16201686,4,Late-Payment Reporting Errors,1.0,False
16204236,1,Unauthorized Hard Credit Inquiries,1.0,False
16207768,-1,Outlier,0.0,True
16217396,-1,Outlier,0.0,True
16229910,-1,Outlier,0.0,True
16230492,11,Multi-Bureau Reinvestigation Failures,1.0,False
16233461,-1,Outlier,0.0,True
16235968,-1,Outlier,0.0,True
16237002,12,Account and Personal-Information Inaccuracies,0.7864,False
16238583,2,General Credit-Report Inaccuracies,1.0,False
16239567,4,Late-Payment Reporting Errors,0.8887,False
16239692,6,Identity Theft and Fraudulent Accounts,1.0,False
16248316,-1,Outlier,0.0,True
16251687,5,Failure to Remove Identity-Theft Accounts,1.0,False
16263066,1,Unauthorized Hard Credit Inquiries,1.0,False
16265812,9,Charge-Off and Account-Status Disputes,0.8347,False
16268591,-1,Outlier,0.0,True
16270339,11,Multi-Bureau Reinvestigation Failures,0.968,False
16274169,-1,Outlier,0.0,True
16282338,-1,Outlier,0.0,True
16288078,-1,Outlier,0.0,True
16289150,-1,Outlier,0.0,True
16299085,4,Late-Payment Reporting Errors,0.8087,False
16299948,11,Multi-Bureau Reinvestigation Failures,0.9026,False
16301444,-1,Outlier,0.0,True
16301700,11,Multi-Bureau Reinvestigation Failures,0.9781,False
16314267,8,Debt Collection and Debt Validation,1.0,False
16315830,9,Charge-Off and Account-Status Disputes,1.0,False
16324813,6,Identity Theft and Fraudulent Accounts,1.0,False
16325174,12,Account and Personal-Information Inaccuracies,0.8581,False
16327304,6,Identity Theft and Fraudulent Accounts,0.9212,False
16327601,-1,Outlier,0.0,True
16333325,4,Late-Payment Reporting Errors,1.0,False
16335473,11,Multi-Bureau Reinvestigation Failures,0.9474,False
16344998,12,Account and Personal-Information Inaccuracies,1.0,False
16352402,0,FCRA Privacy and Permissible-Purpose Violations,1.0,False
16353655,-1,Outlier,0.0,True
16372568,4,Late-Payment Reporting Errors,1.0,False
16375312,4,Late-Payment Reporting Errors,0.6857,False
16378106,-1,Outlier,0.0,True
16386657,-1,Outlier,0.0,True
16392519,6,Identity Theft and Fraudulent Accounts,0.9755,False
16395602,6,Identity Theft and Fraudulent Accounts,0.9295,False
16403531,6,Identity Theft and Fraudulent Accounts,0.8632,False
16420276,12,Account and Personal-Information Inaccuracies,1.0,False
16426030,9,Charge-Off and Account-Status Disputes,1.0,False
16439291,4,Late-Payment Reporting Errors,0.6871,False
16442799,6,Identity Theft and Fraudulent Accounts,0.9212,False
16444793,10,Equifax Investigation Failures,0.9409,False
16449973,11,Multi-Bureau Reinvestigation Failures,0.9812,False
16457430,-1,Outlier,0.0,True
16459756,11,Multi-Bureau Reinvestigation Failures,0.9812,False
16463961,11,Multi-Bureau Reinvestigation Failures,0.968,False
16473797,6,Identity Theft and Fraudulent Accounts,1.0,False
16481354,1,Unauthorized Hard Credit Inquiries,0.9382,False
16533641,9,Charge-Off and Account-Status Disputes,0.8743,False
16535046,4,Late-Payment Reporting Errors,0.7387,False
16542856,1,Unauthorized Hard Credit Inquiries,0.4813,False
16545047,12,Account and Personal-Information Inaccuracies,0.7767,False
16546516,8,Debt Collection and Debt Validation,1.0,False
16547196,-1,Outlier,0.0,True
16549689,6,Identity Theft and Fraudulent Accounts,1.0,False
16554153,12,Account and Personal-Information Inaccuracies,1.0,False
16562139,11,Multi-Bureau Reinvestigation Failures,0.968,False
16562978,0,FCRA Privacy and Permissible-Purpose Violations,1.0,False
16573312,-1,Outlier,0.0,True
16577156,4,Late-Payment Reporting Errors,0.7572,False
16577313,2,General Credit-Report Inaccuracies,1.0,False
16578043,-1,Outlier,0.0,True
16581486,-1,Outlier,0.0,True
16585193,9,Charge-Off and Account-Status Disputes,1.0,False
16596246,1,Unauthorized Hard Credit Inquiries,0.7571,False
16600065,-1,Outlier,0.0,True
16620570,-1,Outlier,0.0,True
16627739,-1,Outlier,0.0,True
16628385,-1,Outlier,0.0,True
16628390,9,Charge-Off and Account-Status Disputes,1.0,False
16631435,-1,Outlier,0.0,True
16631868,0,FCRA Privacy and Permissible-Purpose Violations,1.0,False
16638218,4,Late-Payment Reporting Errors,0.8267,False
16640186,-1,Outlier,0.0,True
16640447,6,Identity Theft and Fraudulent Accounts,0.9075,False
16640740,12,Account and Personal-Information Inaccuracies,0.8077,False
16644509,0,FCRA Privacy and Permissible-Purpose Violations,1.0,False
16653453,-1,Outlier,0.0,True
16656257,-1,Outlier,0.0,True
16659184,-1,Outlier,0.0,True
16661302,-1,Outlier,0.0,True
16662147,1,Unauthorized Hard Credit Inquiries,1.0,False
16679325,-1,Outlier,0.0,True
16679620,0,FCRA Privacy and Permissible-Purpose Violations,0.8711,False
16679826,-1,Outlier,0.0,True
16682400,5,Failure to Remove Identity-Theft Accounts,1.0,False
16685749,-1,Outlier,0.0,True
16692149,12,Account and Personal-Information Inaccuracies,1.0,False
16692952,2,General Credit-Report Inaccuracies,1.0,False
16693992,11,Multi-Bureau Reinvestigation Failures,0.948,False
16694678,6,Identity Theft and Fraudulent Accounts,0.9199,False
16698394,10,Equifax Investigation Failures,1.0,False
16699609,-1,Outlier,0.0,True
16701797,6,Identity Theft and Fraudulent Accounts,1.0,False
16714951,4,Late-Payment Reporting Errors,0.9701,False
16715671,-1,Outlier,0.0,True
16716651,2,General Credit-Report Inaccuracies,0.9472,False
16722848,12,Account and Personal-Information Inaccuracies,0.7864,False
16727622,-1,Outlier,0.0,True
16732786,-1,Outlier,0.0,True
16734472,-1,Outlier,0.0,True
16735858,4,Late-Payment Reporting Errors,0.7355,False
16742031,9,Charge-Off and Account-Status Disputes,0.8469,False
16746362,1,Unauthorized Hard Credit Inquiries,1.0,False
16765457,9,Charge-Off and Account-Status Disputes,0.8655,False
16771029,12,Account and Personal-Information Inaccuracies,0.8072,False
16772396,4,Late-Payment Reporting Errors,0.7728,False
16776466,2,General Credit-Report Inaccuracies,1.0,False
16789583,11,Multi-Bureau Reinvestigation Failures,0.9812,False
16789863,-1,Outlier,0.0,True
16792599,5,Failure to Remove Identity-Theft Accounts,1.0,False
16795119,-1,Outlier,0.0,True
16795705,-1,Outlier,0.0,True
16797633,6,Identity Theft and Fraudulent Accounts,1.0,False
16803332,12,Account and Personal-Information Inaccuracies,0.8322,False
16804005,-1,Outlier,0.0,True
16806880,-1,Outlier,0.0,True
16807053,4,Late-Payment Reporting Errors,0.6774,False
16808065,6,Identity Theft and Fraudulent Accounts,0.9295,False
16808530,-1,Outlier,0.0,True
16809436,1,Unauthorized Hard Credit Inquiries,0.7283,False
16810509,9,Charge-Off and Account-Status Disputes,0.8301,False
16814464,-1,Outlier,0.0,True
16814714,12,Account and Personal-Information Inaccuracies,0.8226,False
16815490,8,Debt Collection and Debt Validation,0.8792,False
16824783,9,Charge-Off and Account-Status Disputes,1.0,False
16827291,-1,Outlier,0.0,True
16831395,1,Unauthorized Hard Credit Inquiries,0.9382,False
16834589,-1,Outlier,0.0,True
16837362,-1,Outlier,0.0,True
16858700,11,Multi-Bureau Reinvestigation Failures,0.968,False
16867264,2,General Credit-Report Inaccuracies,1.0,False
16868133,11,Multi-Bureau Reinvestigation Failures,0.9726,False
16869914,6,Identity Theft and Fraudulent Accounts,0.9755,False
16877209,-1,Outlier,0.0,True
16879618,11,Multi-Bureau Reinvestigation Failures,0.9349,False
16886817,-1,Outlier,0.0,True
16887944,-1,Outlier,0.0,True
16891494,1,Unauthorized Hard Credit Inquiries,0.9382,False
16896816,11,Multi-Bureau Reinvestigation Failures,0.9227,False
16913571,-1,Outlier,0.0,True
16914844,-1,Outlier,0.0,True
16917591,4,Late-Payment Reporting Errors,0.7387,False
16922233,-1,Outlier,0.0,True
16922339,-1,Outlier,0.0,True
16937095,11,Multi-Bureau Reinvestigation Failures,0.9812,False
16944173,-1,Outlier,0.0,True
16948299,-1,Outlier,0.0,True
16948501,10,Equifax Investigation Failures,0.8985,False
16950383,12,Account and Personal-Information Inaccuracies,0.9008,False
16954143,-1,Outlier,0.0,True
16959287,9,Charge-Off and Account-Status Disputes,1.0,False
16960280,11,Multi-Bureau Reinvestigation Failures,0.9812,False
16964095,10,Equifax Investigation Failures,1.0,False
16965202,11,Multi-Bureau Reinvestigation Failures,1.0,False
16966706,-1,Outlier,0.0,True
16969810,-1,Outlier,0.0,True
16981479,11,Multi-Bureau Reinvestigation Failures,0.968,False
16986426,12,Account and Personal-Information Inaccuracies,0.7864,False
16992642,4,Late-Payment Reporting Errors,0.6345,False
16997102,-1,Outlier,0.0,True
16997527,6,Identity Theft and Fraudulent Accounts,0.927,False
17001379,-1,Outlier,0.0,True
17007313,11,Multi-Bureau Reinvestigation Failures,1.0,False
17008471,11,Multi-Bureau Reinvestigation Failures,1.0,False
17010744,12,Account and Personal-Information Inaccuracies,0.8226,False
17017930,-1,Outlier,0.0,True
17018757,-1,Outlier,0.0,True
17019379,0,FCRA Privacy and Permissible-Purpose Violations,1.0,False
17021324,0,FCRA Privacy and Permissible-Purpose Violations,1.0,False
17021989,-1,Outlier,0.0,True
17022754,-1,Outlier,0.0,True
17024389,-1,Outlier,0.0,True
17025294,12,Account and Personal-Information Inaccuracies,0.7858,False
17041823,4,Late-Payment Reporting Errors,0.6713,False
17044296,12,Account and Personal-Information Inaccuracies,0.7864,False
17047547,11,Multi-Bureau Reinvestigation Failures,0.9812,False
17051633,4,Late-Payment Reporting Errors,0.997,False
17054904,-1,Outlier,0.0,True
17058894,-1,Outlier,0.0,True
17059882,12,Account and Personal-Information Inaccuracies,0.8581,False
17064701,-1,Outlier,0.0,True
17075034,11,Multi-Bureau Reinvestigation Failures,0.9533,False
17075848,8,Debt Collection and Debt Validation,0.6552,False
17082432,1,Unauthorized Hard Credit Inquiries,0.8532,False
17089895,1,Unauthorized Hard Credit Inquiries,0.5005,False
17090203,11,Multi-Bureau Reinvestigation Failures,0.9812,False
17098276,-1,Outlier,0.0,True
17099605,-1,Outlier,0.0,True
17102307,8,Debt Collection and Debt Validation,1.0,False
17103920,-1,Outlier,0.0,True
17104016,8,Debt Collection and Debt Validation,1.0,False
17104330,10,Equifax Investigation Failures,0.7873,False
17104601,-1,Outlier,0.0,True
17109252,-1,Outlier,0.0,True
17109339,4,Late-Payment Reporting Errors,0.8498,False
17112196,8,Debt Collection and Debt Validation,0.9861,False
17120853,7,Auto Loan and Payment-History Disputes,1.0,False
17122249,8,Debt Collection and Debt Validation,1.0,False
17126612,6,Identity Theft and Fraudulent Accounts,1.0,False
17136828,-1,Outlier,0.0,True
17142340,-1,Outlier,0.0,True
17142820,-1,Outlier,0.0,True
17150664,-1,Outlier,0.0,True
17163789,-1,Outlier,0.0,True
17164120,9,Charge-Off and Account-Status Disputes,0.8958,False
17164635,3,FCRA 605B Identity-Theft Blocking Requests,1.0,False
17165026,2,General Credit-Report Inaccuracies,1.0,False
17173881,-1,Outlier,0.0,True
17180126,9,Charge-Off and Account-Status Disputes,0.839,False
17185995,6,Identity Theft and Fraudulent Accounts,1.0,False
17186024,12,Account and Personal-Information Inaccuracies,0.7864,False
17187226,11,Multi-Bureau Reinvestigation Failures,0.9216,False
17188311,12,Account and Personal-Information Inaccuracies,0.8099,False
17190261,-1,Outlier,0.0,True
17191115,11,Multi-Bureau Reinvestigation Failures,1.0,False
17193734,12,Account and Personal-Information Inaccuracies,0.7864,False
17194282,-1,Outlier,0.0,True
17197320,12,Account and Personal-Information Inaccuracies,0.7842,False
17197433,-1,Outlier,0.0,True
17198337,-1,Outlier,0.0,True
17209761,-1,Outlier,0.0,True
17213539,-1,Outlier,0.0,True
17216678,-1,Outlier,0.0,True
17222023,6,Identity Theft and Fraudulent Accounts,0.8747,False
17222429,-1,Outlier,0.0,True
17228779,5,Failure to Remove Identity-Theft Accounts,1.0,False
17228926,10,Equifax Investigation Failures,1.0,False
17229759,1,Unauthorized Hard Credit Inquiries,1.0,False
17229800,12,Account and Personal-Information Inaccuracies,0.7864,False
17232710,2,General Credit-Report Inaccuracies,1.0,False
17242655,-1,Outlier,0.0,True
17245105,11,Multi-Bureau Reinvestigation Failures,1.0,False
17250251,-1,Outlier,0.0,True
17253460,12,Account and Personal-Information Inaccuracies,0.7702,False
17254082,12,Account and Personal-Information Inaccuracies,0.7864,False
17254583,5,Failure to Remove Identity-Theft Accounts,1.0,False
17255594,-1,Outlier,0.0,True
17257979,-1,Outlier,0.0,True
17274274,-1,Outlier,0.0,True
17274391,0,FCRA Privacy and Permissible-Purpose Violations,0.8125,False
17280542,12,Account and Personal-Information Inaccuracies,0.9746,False
17281669,1,Unauthorized Hard Credit Inquiries,1.0,False
17284707,0,FCRA Privacy and Permissible-Purpose Violations,1.0,False
17286739,5,Failure to Remove Identity-Theft Accounts,1.0,False
17287151,-1,Outlier,0.0,True
17292972,4,Late-Payment Reporting Errors,0.6653,False
17303267,1,Unauthorized Hard Credit Inquiries,0.7443,False
17306368,12,Account and Personal-Information Inaccuracies,0.7864,False
17310341,11,Multi-Bureau Reinvestigation Failures,0.9984,False
17317439,8,Debt Collection and Debt Validation,1.0,False
17318909,-1,Outlier,0.0,True
17324561,10,Equifax Investigation Failures,1.0,False
17324927,-1,Outlier,0.0,True
17326806,12,Account and Personal-Information Inaccuracies,0.7864,False
17333436,-1,Outlier,0.0,True
17333881,11,Multi-Bureau Reinvestigation Failures,1.0,False
17334467,-1,Outlier,0.0,True
17337723,4,Late-Payment Reporting Errors,1.0,False
17338207,1,Unauthorized Hard Credit Inquiries,0.691,False
17339623,11,Multi-Bureau Reinvestigation Failures,0.9812,False
17340743,7,Auto Loan and Payment-History Disputes,1.0,False
17351497,12,Account and Personal-Information Inaccuracies,0.7797,False
17353293,8,Debt Collection and Debt Validation,1.0,False
17353523,6,Identity Theft and Fraudulent Accounts,1.0,False
17354079,1,Unauthorized Hard Credit Inquiries,1.0,False
17358975,11,Multi-Bureau Reinvestigation Failures,0.9812,False
17362236,-1,Outlier,0.0,True
17368455,6,Identity Theft and Fraudulent Accounts,0.7931,False
17368517,6,Identity Theft and Fraudulent Accounts,0.8945,False
17371922,12,Account and Personal-Information Inaccuracies,0.8874,False
17375161,6,Identity Theft and Fraudulent Accounts,1.0,False
17379149,0,FCRA Privacy and Permissible-Purpose Violations,1.0,False
17383755,3,FCRA 605B Identity-Theft Blocking Requests,0.8486,False
17385254,-1,Outlier,0.0,True
17389094,-1,Outlier,0.0,True
17389398,-1,Outlier,0.0,True
17391459,6,Identity Theft and Fraudulent Accounts,1.0,False
17405098,10,Equifax Investigation Failures,1.0,False
17423179,12,Account and Personal-Information Inaccuracies,0.7864,False
17423680,-1,Outlier,0.0,True
17426536,-1,Outlier,0.0,True
17429296,8,Debt Collection and Debt Validation,1.0,False
17429871,12,Account and Personal-Information Inaccuracies,0.8161,False
17432584,12,Account and Personal-Information Inaccuracies,0.8875,False
17453464,4,Late-Payment Reporting Errors,0.7171,False
17456197,6,Identity Theft and Fraudulent Accounts,1.0,False
17457412,1,Unauthorized Hard Credit Inquiries,0.9382,False
17463083,-1,Outlier,0.0,True
17466784,11,Multi-Bureau Reinvestigation Failures,1.0,False
17470050,6,Identity Theft and Fraudulent Accounts,1.0,False
17470954,7,Auto Loan and Payment-History Disputes,0.9861,False
17481054,-1,Outlier,0.0,True
17481415,7,Auto Loan and Payment-History Disputes,1.0,False
17482563,0,FCRA Privacy and Permissible-Purpose Violations,1.0,False
17487749,-1,Outlier,0.0,True
17491818,12,Account and Personal-Information Inaccuracies,0.7864,False
17492499,-1,Outlier,0.0,True
17493754,12,Account and Personal-Information Inaccuracies,0.7864,False
17494555,6,Identity Theft and Fraudulent Accounts,0.9755,False
17496382,8,Debt Collection and Debt Validation,0.9922,False
17500571,11,Multi-Bureau Reinvestigation Failures,0.9812,False
17502968,4,Late-Payment Reporting Errors,1.0,False
17515099,8,Debt Collection and Debt Validation,1.0,False
17522244,-1,Outlier,0.0,True
17524933,11,Multi-Bureau Reinvestigation Failures,0.9812,False
17526452,10,Equifax Investigation Failures,0.8975,False
17528925,12,Account and Personal-Information Inaccuracies,0.7864,False
17535020,4,Late-Payment Reporting Errors,0.9028,False
17541476,-1,Outlier,0.0,True
17544056,0,FCRA Privacy and Permissible-Purpose Violations,1.0,False
17550058,-1,Outlier,0.0,True
17559239,12,Account and Personal-Information Inaccuracies,0.7864,False
17565034,4,Late-Payment Reporting Errors,0.6577,False
17573280,1,Unauthorized Hard Credit Inquiries,0.5185,False
17577256,2,General Credit-Report Inaccuracies,1.0,False
17580054,4,Late-Payment Reporting Errors,0.8961,False
17584749,12,Account and Personal-Information Inaccuracies,1.0,False
17585127,-1,Outlier,0.0,True
17592211,6,Identity Theft and Fraudulent Accounts,0.9642,False
17600315,-1,Outlier,0.0,True
17601824,6,Identity Theft and Fraudulent Accounts,0.964,False
17604312,12,Account and Personal-Information Inaccuracies,0.8074,False
17607841,-1,Outlier,0.0,True
17612884,1,Unauthorized Hard Credit Inquiries,0.4709,False
17615249,6,Identity Theft and Fraudulent Accounts,0.7905,False
17618174,-1,Outlier,0.0,True
17620012,12,Account and Personal-Information Inaccuracies,1.0,False
17621569,-1,Outlier,0.0,True
17622828,-1,Outlier,0.0,True
17623069,3,FCRA 605B Identity-Theft Blocking Requests,1.0,False
17623604,0,FCRA Privacy and Permissible-Purpose Violations,1.0,False
17629411,-1,Outlier,0.0,True
17633956,6,Identity Theft and Fraudulent Accounts,0.9722,False
17635595,-1,Outlier,0.0,True
17640335,4,Late-Payment Reporting Errors,0.9726,False
17640485,2,General Credit-Report Inaccuracies,0.9472,False
17642280,-1,Outlier,0.0,True
17650603,0,FCRA Privacy and Permissible-Purpose Violations,1.0,False
17656533,3,FCRA 605B Identity-Theft Blocking Requests,0.6155,False
17658935,2,General Credit-Report Inaccuracies,1.0,False
17659035,12,Account and Personal-Information Inaccuracies,0.7864,False
17660549,11,Multi-Bureau Reinvestigation Failures,1.0,False
17661470,4,Late-Payment Reporting Errors,0.8051,False
17678558,2,General Credit-Report Inaccuracies,1.0,False
17678640,10,Equifax Investigation Failures,1.0,False
17679851,12,Account and Personal-Information Inaccuracies,0.7864,False
17683818,-1,Outlier,0.0,True
17686065,4,Late-Payment Reporting Errors,0.705,False
17692064,12,Account and Personal-Information Inaccuracies,0.7864,False
17696796,12,Account and Personal-Information Inaccuracies,0.798,False
17701250,12,Account and Personal-Information Inaccuracies,0.7864,False
17726042,12,Account and Personal-Information Inaccuracies,0.787,False
17762444,11,Multi-Bureau Reinvestigation Failures,0.968,False
17765196,4,Late-Payment Reporting Errors,0.608,False
17766040,0,FCRA Privacy and Permissible-Purpose Violations,1.0,False
17795132,12,Account and Personal-Information Inaccuracies,0.7864,False
17795335,6,Identity Theft and Fraudulent Accounts,0.9295,False
17813129,11,Multi-Bureau Reinvestigation Failures,0.9413,False
17820818,-1,Outlier,0.0,True
17824642,-1,Outlier,0.0,True
17826766,7,Auto Loan and Payment-History Disputes,1.0,False
17833750,2,General Credit-Report Inaccuracies,0.992,False
17834122,4,Late-Payment Reporting Errors,0.793,False
17836022,7,Auto Loan and Payment-History Disputes,1.0,False
17839415,-1,Outlier,0.0,True
17841648,9,Charge-Off and Account-Status Disputes,1.0,False
17842647,8,Debt Collection and Debt Validation,1.0,False
17843420,6,Identity Theft and Fraudulent Accounts,0.9295,False
17844283,2,General Credit-Report Inaccuracies,0.9472,False
17844758,4,Late-Payment Reporting Errors,1.0,False
17846710,-1,Outlier,0.0,True
17846711,-1,Outlier,0.0,True
17847419,2,General Credit-Report Inaccuracies,1.0,False
17848657,12,Account and Personal-Information Inaccuracies,1.0,False
17849832,-1,Outlier,0.0,True
17850788,1,Unauthorized Hard Credit Inquiries,0.4431,False
17854900,11,Multi-Bureau Reinvestigation Failures,1.0,False
17864753,8,Debt Collection and Debt Validation,0.8367,False
17876742,4,Late-Payment Reporting Errors,1.0,False
17877090,12,Account and Personal-Information Inaccuracies,0.7864,False
17881942,12,Account and Personal-Information Inaccuracies,0.7864,False
17883012,0,FCRA Privacy and Permissible-Purpose Violations,1.0,False
17886281,11,Multi-Bureau Reinvestigation Failures,0.9519,False
17887250,12,Account and Personal-Information Inaccuracies,0.7864,False
17888024,12,Account and Personal-Information Inaccuracies,0.7864,False
17889292,6,Identity Theft and Fraudulent Accounts,0.9399,False
17889313,11,Multi-Bureau Reinvestigation Failures,0.9812,False
17889499,4,Late-Payment Reporting Errors,0.7102,False
17896741,1,Unauthorized Hard Credit Inquiries,1.0,False
17897241,-1,Outlier,0.0,True
17898733,12,Account and Personal-Information Inaccuracies,0.7864,False
17923374,2,General Credit-Report Inaccuracies,1.0,False
17934723,-1,Outlier,0.0,True
18024860,-1,Outlier,0.0,True
18031469,-1,Outlier,0.0,True
18031855,-1,Outlier,0.0,True
18045209,8,Debt Collection and Debt Validation,0.6484,False
18064907,5,Failure to Remove Identity-Theft Accounts,1.0,False
18067682,10,Equifax Investigation Failures,0.8696,False
18073140,11,Multi-Bureau Reinvestigation Failures,0.9969,False
18075676,-1,Outlier,0.0,True
18082249,5,Failure to Remove Identity-Theft Accounts,1.0,False
18083344,-1,Outlier,0.0,True
18087726,12,Account and Personal-Information Inaccuracies,0.7864,False
18133185,0,FCRA Privacy and Permissible-Purpose Violations,1.0,False
18133771,11,Multi-Bureau Reinvestigation Failures,1.0,False
18137957,5,Failure to Remove Identity-Theft Accounts,1.0,False
18141445,-1,Outlier,0.0,True
18142515,6,Identity Theft and Fraudulent Accounts,1.0,False
18147289,6,Identity Theft and Fraudulent Accounts,0.9755,False
18152916,2,General Credit-Report Inaccuracies,1.0,False
18159369,-1,Outlier,0.0,True
18206204,11,Multi-Bureau Reinvestigation Failures,1.0,False
18209343,4,Late-Payment Reporting Errors,0.7171,False
18215381,4,Late-Payment Reporting Errors,0.7053,False
18224515,1,Unauthorized Hard Credit Inquiries,0.5398,False
18225125,12,Account and Personal-Information Inaccuracies,0.7877,False
18226289,-1,Outlier,0.0,True
18227928,-1,Outlier,0.0,True
18229437,12,Account and Personal-Information Inaccuracies,0.7771,False
18230434,6,Identity Theft and Fraudulent Accounts,0.9295,False
18231931,-1,Outlier,0.0,True
18233390,-1,Outlier,0.0,True
18235214,6,Identity Theft and Fraudulent Accounts,1.0,False
18235762,-1,Outlier,0.0,True
18235964,6,Identity Theft and Fraudulent Accounts,1.0,False
18240288,-1,Outlier,0.0,True
18246176,12,Account and Personal-Information Inaccuracies,0.7864,False
18248756,1,Unauthorized Hard Credit Inquiries,0.924,False
18249046,-1,Outlier,0.0,True
18250793,-1,Outlier,0.0,True
18256636,7,Auto Loan and Payment-History Disputes,1.0,False
18256939,-1,Outlier,0.0,True
18265202,-1,Outlier,0.0,True
18267656,6,Identity Theft and Fraudulent Accounts,1.0,False
18272462,-1,Outlier,0.0,True
18288460,-1,Outlier,0.0,True
18288850,-1,Outlier,0.0,True
18291296,-1,Outlier,0.0,True
18297364,6,Identity Theft and Fraudulent Accounts,0.9927,False
18307933,8,Debt Collection and Debt Validation,0.8144,False
18312297,10,Equifax Investigation Failures,0.9651,False
18317479,6,Identity Theft and Fraudulent Accounts,1.0,False
18319245,6,Identity Theft and Fraudulent Accounts,0.9295,False
18321753,-1,Outlier,0.0,True
18322926,7,Auto Loan and Payment-History Disputes,1.0,False
18323899,-1,Outlier,0.0,True
18329847,12,Account and Personal-Information Inaccuracies,0.7864,False
18330886,-1,Outlier,0.0,True
18337928,11,Multi-Bureau Reinvestigation Failures,0.9475,False
18338993,12,Account and Personal-Information Inaccuracies,0.7861,False
18339633,8,Debt Collection and Debt Validation,0.6936,False
18341676,12,Account and Personal-Information Inaccuracies,0.7864,False
18344147,12,Account and Personal-Information Inaccuracies,0.7864,False
18344491,-1,Outlier,0.0,True
18344973,-1,Outlier,0.0,True
18350325,0,FCRA Privacy and Permissible-Purpose Violations,1.0,False
18353969,12,Account and Personal-Information Inaccuracies,0.7864,False
18354832,11,Multi-Bureau Reinvestigation Failures,1.0,False
18355593,-1,Outlier,0.0,True
18355866,-1,Outlier,0.0,True
